Name,ISIN,post_date,pre_twenty_pd,pre_five_pd,pre_three_pd,pre_one_pd,post_three_pd,post_five_pd,post_ten_pd,post_twenty_pd,Post Date,FTSE100,FTSE250
ASOS,GB0030927254,2023-06-19,4.4609986,3.2929980999999997,3.2799975999999997,3.7039991,4.0869995999999995,3.9279981,3.7589990999999996,3.5189991,2023-06-19,,-1.0
BRITISH LAND,GB0001367019,2023-06-19,3.5619995999999996,3.4389990999999998,3.3469995999999997,3.43,3.0839990999999998,2.975,3.1329981,3.1889990999999998,2023-06-19,-1.0,1.0
CAPITA,GB00B23K0M20,2023-06-19,0.3209999100000001,0.32959992,0.32439988,0.31999985,0.29199997,0.27919999,0.27499985,0.27819993,2023-06-19,,1.0
CAPRICORN ENERGY,GB00BQ98V038,2023-06-19,1.9499997,1.9340000000000002,1.92,1.8140001000000001,1.8179998,1.8280001,1.8780001999999998,1.9219999,2023-06-19,,-1.0
EMPIRIC STUDENT PROPERTY,GB00BLWDVR75,2023-06-19,0.91599991,0.88399994,0.86899994,0.9189999400000001,0.86,0.85,0.83999985,0.875,2023-06-19,,1.0
HUNTING,GB0004478896,2023-06-19,2.0249995999999997,2.125,2.1099996,2.0249995999999997,2.005,1.9899996999999998,2.0249995999999997,2.585,2023-06-19,,-1.0
IMI,GB00BGLP8L22,2023-06-19,16.630005,16.210005000000002,16.800003,16.5,16.229996,15.899998,16.289993,15.88,2023-06-19,1.0,-1.0
ME GROUP INTERNATIONAL,GB0008481250,2023-06-19,1.3380002,1.63,1.67,1.71,1.6619997,1.6400004000000001,1.7019997,1.632,2023-06-19,,1.0
NORTH ATLANTIC SMCOS.,GB0006439003,2023-06-19,36.0,38.699996,38.5,39.100005,35.600005,35.0,35.5,35.0,2023-06-19,,1.0
TULLOW OIL,GB0001500809,2023-06-19,0.24799988,0.2501999,0.2514,0.25399994,0.28259995,0.28039994,0.29,0.33759995,2023-06-19,,-1.0
TYMAN,GB00B29H4253,2023-06-19,2.6549975999999997,2.8,2.8299976,2.755,2.5500002,2.5100002,2.5200005,2.6549975999999997,2023-06-19,,1.0
VIDENDUM,GB0009296665,2023-06-19,7.1999976000000006,6.399997600000001,6.26,6.71,7.2899976,6.68,6.96,6.0,2023-06-19,,-1.0
888 HOLDINGS,GI000A0F6407,2023-03-20,0.72,0.66,0.62349991,0.58849991,0.59049988,0.545,0.52899994,0.7714999400000001,2023-03-20,,-1.0
ITHACA ENERGY,GB00BPJHV584,2023-03-20,1.8660001,1.71,1.6499996,1.5249996,1.5319996,1.4770002,1.5699996999999999,1.5919999999999999,2023-03-20,,1.0
MOONPIG GROUP,GB00BMT9K014,2023-03-20,1.1420002,1.2430001,1.1890001,1.0810003000000001,1.0649996,1.0869999,1.1639995,1.2829999,2023-03-20,,-1.0
VANQUIS BANKING GROUP,GB00B1Z4ST84,2023-03-20,2.2200002,2.2840004,2.2819996000000002,2.2379999,2.2539997,2.2539997,2.2799997,2.3999995999999997,2023-03-20,,1.0
ABRDN,GB00BF8Q6K64,2022-12-19,2.0170002,1.8739994999999998,1.8985004,1.8509997999999999,1.8594999,1.8754998,1.9040002999999999,2.0100002,2022-12-19,1.0,-1.0
BEAZLEY,GB00BYQ0JC66,2022-12-19,6.435,6.425,6.39,6.35,6.77,6.779997600000001,6.875,6.46,2022-12-19,1.0,-1.0
DECHRA PHARMACEUTICALS,GB0009633180,2022-12-19,27.5,27.58,28.199996000000002,27.320007999999998,26.5,26.600005,25.679993,27.899993,2022-12-19,-1.0,1.0
DIGITAL 9 INFR.,JE00BMDKH437,2022-12-19,1.0080004,0.83499985,0.87,0.87,0.86699997,0.87,0.87199997,0.94599991,2022-12-19,,1.0
THE EUROPEAN SMCOS.TST.,GB00BMCF8689,2022-12-19,1.4949999,1.5399999,1.5600004,1.4499997,1.4449996999999999,1.4750004,1.4949999,1.5649996,2022-12-19,,1.0
HARBOUR ENERGY,GB00BMBVGQ36,2022-12-19,2.9949975999999996,3.0639990999999998,3.1369995999999998,3.0609985999999996,3.1069996,3.1,2.9389990999999998,3.1259986,2022-12-19,-1.0,1.0
INTERMEDIATE CAPITAL GP.,GB00BYT1DJ19,2022-12-19,11.729998,11.689998000000001,12.255,11.435,11.35,11.425,11.954998,12.524998,2022-12-19,-1.0,1.0
PETROFAC,GB00B0H2K534,2022-12-19,1.1870003,0.80199997,0.7864999400000001,0.73449997,0.72949997,0.71499985,0.7319999699999999,0.795,2022-12-19,,-1.0
WEIR GROUP,GB0009465807,2022-12-19,17.684998,16.589996,16.919998,16.445008,16.684998,16.815003,16.61,17.914993,2022-12-19,1.0,-1.0
ASOS,GB0030927254,2022-06-20,13.75,12.09,11.6,8.835,8.875,8.765,8.9099976,10.149998,2022-06-20,,1.0
BAILLIE GIFF.US GW.TST.,GB00BDFGHW41,2022-06-20,1.6000004,1.5200004999999999,1.6000004,1.4860001,1.5299996999999999,1.6040001000000002,1.526,1.6260004000000001,2022-06-20,,-1.0
BANK OF GEORGIA GROUP,GB00BF4HYT85,2022-06-20,13.539998,15.3,15.039998,14.76,14.319998,14.52,13.5,14.119998,2022-06-20,,1.0
CENTRICA,GB00B033F229,2022-06-20,0.8664000000000001,0.77979996,0.7893998799999999,0.77439988,0.8285998600000001,0.8219999699999999,0.81839997,0.88599991,2022-06-20,1.0,-1.0
ITV,GB0033986497,2022-06-20,0.69339997,0.6737999000000001,0.7001999000000001,0.6539999400000001,0.67199997,0.6775999500000001,0.6539999400000001,0.65799988,2022-06-20,-1.0,1.0
MERCHANTS TRUST,GB0005800072,2022-06-20,5.609997600000001,5.439997600000001,5.6,5.399997600000001,5.229997600000001,5.5,5.47,5.439997600000001,2022-06-20,,1.0
OXFORD BIOMEDICA,GB00BDFBVT43,2022-06-20,5.0299976,4.51,4.395,4.1499976,4.8299976,4.76,4.5,4.5,2022-06-20,,-1.0
PURETECH HEALTH,GB00BY2Z0H74,2022-06-20,1.7880000999999999,1.6499996,1.5579996,1.4759997999999999,1.5860004,1.7060003000000001,1.7799996999999999,1.8079996,2022-06-20,,-1.0
RANK GROUP,GB00B1L5QH97,2022-06-20,0.9739999400000001,0.995,1.0279999,0.99199997,0.8239999400000001,0.8459999100000001,0.85299988,0.88799988,2022-06-20,,-1.0
INTERNATIONAL DISTRIBUTIONS,GB00BDVZYZ77,2022-06-20,3.0,2.7319996,2.8199975999999998,2.72,2.7859985999999997,2.8089991,2.6779981,2.7709986,2022-06-20,-1.0,1.0
SUPERMARKET INCOME REIT,GB00BF345X11,2022-06-20,1.2749996000000001,1.2849998999999999,1.3050004000000002,1.3000002000000002,1.2700005,1.3000002000000002,1.1800004,1.2399997,2022-06-20,,1.0
TARGET HEALTHCARE REIT,GB00BJGTLF51,2022-06-20,1.1359997,1.1260004000000001,1.1320000000000001,1.1359997,1.1040001,1.1260004000000001,1.0819997,1.1339998,2022-06-20,,1.0
TRUSTPILOT GROUP,GB00BNK9TP58,2022-06-20,1.0930004,0.8125,0.86049988,0.94049988,1.0340004,1.0500002000000002,0.98899994,0.74049988,2022-06-20,,-1.0
UNITE GROUP,GB0006928617,2022-06-20,10.399998,10.439998000000001,10.939998000000001,10.88,10.68,11.069998,10.46,11.46,2022-06-20,1.0,-1.0
BAILLIE GIFF.SHIN NIPPON,GB00BFXYH242,2022-03-21,1.6599998999999999,1.6000004,1.6440000000000001,1.6899996,1.7679996,1.7259997999999999,1.7279996,1.5220003,2022-03-21,,-1.0
CAPITA,GB00B23K0M20,2022-03-21,0.2939,0.21299988,0.21239991,0.2101999,0.20199997,0.20989991,0.21479996,0.2037999,2022-03-21,,-1.0
CINEWORLD GROUP,GB00B15FWH70,2022-03-21,0.38429993,0.36080002,0.3801999,0.3550999500000001,0.34219986,0.33189988,0.3262999,0.31949997,2022-03-21,,-1.0
HOWDEN JOINERY GP.,GB0005576813,2022-03-21,7.451999600000001,7.8479981,8.05,8.2419996,7.8479981,7.7139991,7.9079980999999995,7.7139991,2022-03-21,1.0,-1.0
NB PRIVATE EQUITY,GG00B1ZBD492,2022-03-21,15.5,16.899993,16.850005,17.800003,17.0,16.899993,16.649993,16.449996000000002,2022-03-21,,1.0
POLYMETAL INTERNATIONAL,JE00B6T5S470,2022-03-21,10.704998,1.6835003,1.4785004000000002,1.21,1.6599998999999999,2.4300004,3.4799976,2.3369999000000004,2022-03-21,-1.0,
REACH,GB0009039941,2022-03-21,2.2849999,1.896,1.9899996999999998,1.9379998,1.8400002,1.8879995,1.8389997,1.7419996,2022-03-21,,-1.0
RUFFER INV.COMP.RED.PTG.,GB00B018CS46,2022-03-21,3.1099976,3.1099976,3.1,3.1099976,3.0799976,3.09,3.09,3.125,2022-03-21,,1.0
ABRDN PRIV.EQ.OPPS.,GB0030474687,2022-03-21,5.239997600000001,4.7299976,5.02,5.399997600000001,5.239997600000001,5.34,5.1199976,5.1199976,2022-03-21,,1.0
TULLOW OIL,GB0001500809,2022-03-21,0.4850999500000001,0.4914,0.45979996,0.47729996,0.54059998,0.5115998900000001,0.55599991,0.57549988,2022-03-21,,1.0
URBAN LOGISTICS REIT,GB00BYV8MN78,2022-03-21,1.7600002000000001,1.795,1.8549996,1.8699999,1.8500004,1.9049996999999999,1.9149999,1.9899996999999998,2022-03-21,,1.0
AO WORLD,GB00BJTNFH41,2021-12-20,1.2399997,0.9624998499999999,0.9044999699999999,0.9519999699999999,1.0900002,1.0640001,1.0159998000000001,1.0190000000000001,2021-12-20,,-1.0
DARKTRACE,GB00BNYK8G86,2021-12-20,5.09,3.9179980999999997,3.9859986,4.1999976,4.1379981,4.1499976,3.9819996,4.3639991,2021-12-20,-1.0,1.0
DECHRA PHARMACEUTICALS,GB0009633180,2021-12-20,52.899961000000005,50.55,48.919961,50.05,50.699961,52.0,45.639961,41.94,2021-12-20,1.0,-1.0
RS GROUP,GB0003096442,2021-12-20,12.55,11.68,11.31,11.77,12.069998,12.409998,11.92,11.069998,2021-12-20,1.0,-1.0
JOHNSON MATTHEY,GB00BZ4BQC70,2021-12-20,22.350005,19.994996,19.589996,19.625,20.460005000000002,20.339996,20.47,20.160003,2021-12-20,-1.0,1.0
PETERSHILL PARTNERS,GB00BL9ZF303,2021-12-20,3.2399975999999997,2.595,2.5699975999999998,2.6,2.6899976,2.6949975999999998,2.5500002,2.2650004,2021-12-20,,1.0
VANQUIS BANKING GROUP,GB00B1Z4ST84,2021-12-20,3.6499976,3.4499975999999997,3.3439990999999996,3.2879981,3.5559985999999997,3.5559985999999997,3.6139990999999996,3.6479980999999997,2021-12-20,,1.0
AVON PROTECTION,GB0000667013,2021-09-20,19.0,17.899993,17.699996000000002,17.800003,19.279998,19.820008,19.11,20.259992999999998,2021-09-20,,-1.0
BLACKROCK THROG.TST.,GB0008910555,2021-09-20,9.93,10.1,9.93,10.22,10.159998,9.93,9.1599976,9.4099976,2021-09-20,,1.0
BRIDGEPOINT GROUP,GB00BND88V85,2021-09-20,5.0399975999999995,5.1599976000000005,5.1999976000000006,5.5,5.46,5.229997600000001,4.85,4.715,2021-09-20,,1.0
CIVITAS SOCIAL HOUSING 1P,GB00BD8HBD32,2021-09-20,1.1040001,0.93299988,0.9509999100000001,1.0,0.90599991,0.90199997,0.88399994,0.89699997,2021-09-20,,-1.0
DARKTRACE,GB00BNYK8G86,2021-09-20,5.8249976000000006,6.6999976000000006,7.31,8.6549976,9.85,8.64,7.904997600000001,8.75,2021-09-20,,1.0
MOLTEN VENTURES,GB00BY7QYJ50,2021-09-20,10.619998,10.619998,10.3,10.76,11.539998,10.579998,9.7799976,10.14,2021-09-20,,1.0
TULLOW OIL,GB0001500809,2021-09-20,0.41409989,0.43619996,0.47429993,0.44869996,0.46549988,0.51219986,0.52039994,0.51619996,2021-09-20,,-1.0
WEIR GROUP,GB0009465807,2021-09-20,16.229996,17.684998,17.880005,17.029998,17.419998,17.195008,16.384992999999998,16.050003,2021-09-20,-1.0,1.0
WICKES GROUP,GB00BL6C2002,2021-09-20,2.4139995,2.4060001,2.3240003,2.4499997,2.394,2.2119999000000004,2.2379999,2.3520002,2021-09-20,,-1.0
AUCTION TECHNOLOGY GROUP,GB00BMVQDZ64,2021-06-21,9.85,11.6,12.6,12.92,11.6,12.02,11.56,11.56,2021-06-21,,1.0
FORESIGHT SOLAR FUND,JE00BD3QJR55,2021-06-21,0.98599991,0.98099991,0.96499985,0.935,0.96299988,0.98,0.99099991,0.99799988,2021-06-21,,-1.0
ITV,GB0033986497,2021-06-21,1.2869997,1.3125,1.3009997000000002,1.2679996,1.2700005,1.2484998,1.2895002,1.1324997,2021-06-21,1.0,-1.0
JLEN ENVIRONMENTAL,GG00BJL5FH87,2021-06-21,1.0500002000000002,1.0200005,1.0080004,0.9719999699999999,0.98599991,0.99299988,1.0,1.0,2021-06-21,,-1.0
MOONPIG GROUP,GB00BMT9K014,2021-06-21,4.5279981,4.64,4.6,4.537998099999999,4.4739990999999995,4.4779981,4.2059986,3.8279981,2021-06-21,,1.0
VANQUIS BANKING GROUP,GB00B1Z4ST84,2021-06-21,2.6539990999999996,2.3719997,2.3079996,2.1379995,2.262,2.3000002,2.3979998,2.5200005,2021-06-21,,-1.0
RENISHAW,GB0007323586,2021-06-21,53.649961000000005,53.75,55.5,52.25,50.0,50.149961000000005,50.6,47.74,2021-06-21,-1.0,1.0
SABRE INSURANCE,GB00BYWVDP49,2021-06-21,2.6499976,2.6499976,2.625,2.5550004,2.5749975999999997,2.595,2.545,2.5799976,2021-06-21,,-1.0
TRUSTPILOT GROUP,GB00BNK9TP58,2021-06-21,2.9659986,3.5059986,3.5039990999999997,3.6439991,3.5039990999999997,3.4859986,3.4479981,3.56,2021-06-21,,1.0
PENNON GROUP,GB00BNNTLN49,2021-03-22,8.6779981,9.6079981,9.6259986,9.75,9.88,9.93,9.96,10.244998,2021-03-22,-1.0,
RENISHAW,GB0007323586,2021-03-22,58.899961000000005,59.5,58.949961,59.949961,57.75,62.5,64.449961,64.35,2021-03-22,1.0,
WEIR GROUP,GB0009465807,2021-03-22,20.100005,18.235,17.964996,17.514998000000002,17.58,17.524993,18.300003,19.149993,2021-03-22,1.0,
ELEMENTIS,GB0002418548,2020-12-21,1.0860004,1.1260004000000001,1.1540003,1.1920003,1.1899996,1.1840000000000002,1.217,1.1599998999999999,2020-12-21,,1.0
FISHER(JAMES)& SONS,GB0003395000,2020-12-21,9.85,8.97,9.31,9.02,9.05,9.3199976,9.92,10.239998,2020-12-21,,-1.0
HOMESERVE,GB00BYYTFB60,2020-12-21,11.279998,10.899998,11.119998,10.85,10.609998000000001,10.539998,10.789998,10.819998,2020-12-21,-1.0,1.0
THE SCOTTISH,GB0007826091,2020-12-21,7.18,7.1599976000000005,7.17,6.9099976000000005,6.979997600000001,6.9499976000000006,7.25,7.1999976000000006,2020-12-21,,-1.0
B&M EUROPEAN VAL.RET.,LU1072616219,2020-09-21,4.8379981,4.643999099999999,4.6049976,4.5579981,4.76,4.9039991,4.935,5.0959986,2020-09-21,1.0,-1.0
BAILLIE GIFF.US GW.TST.,GB00BDFGHW41,2020-09-21,2.3000002,2.4499997,2.4799995999999997,2.5200005,2.5200005,2.6199975999999996,2.68,2.84,2020-09-21,,1.0
BANK OF GEORGIA GROUP,GB00BF4HYT85,2020-09-21,9.26,9.1099976,9.3999976,8.85,8.5799976,9.0,8.8999976,9.0399976,2020-09-21,,-1.0
BARR (AG),GB00B6XZKY75,2020-09-21,4.14,3.7299976,3.765,3.85,4.4399976,4.5,4.6649975999999995,4.7749976,2020-09-21,,-1.0
CMC MARKETS,GB00B14SKR37,2020-09-21,3.1999975999999997,3.265,3.2749976,3.625,3.2049976,3.2049976,3.545,3.35,2020-09-21,,1.0
DIVERSIFIED ENERGY COMPANY,GB00BYX7JT74,2020-09-21,1.0939998,1.0419999,1.052,1.0500002000000002,1.0659999999999998,1.052,1.0699997,1.0500002000000002,2020-09-21,,1.0
EQUINITI GROUP,GB00BYWWHR75,2020-09-21,1.1260004000000001,1.1320000000000001,1.1540003,1.1239995,1.092,1.0839997,1.1099996,1.1759997,2020-09-21,,-1.0
GO-AHEAD GROUP,GB0003753778,2020-09-21,6.385,6.774997600000001,6.899997600000001,6.515,5.979997600000001,6.069997600000001,5.72,6.314997600000001,2020-09-21,,-1.0
HIPGNOSIS SONGS C,GG00BLPHZK78,2020-09-21,1.0279999,1.045,1.0550004,1.0600004,1.0150004,1.0200005,1.0150004,1.0249996000000001,2020-09-21,,1.0
INDIVIOR,GB00BN4HT335,2020-09-21,1.2220001999999999,1.1789998,1.146,1.2159997,1.1809998,1.1549997,1.0909997,1.0509997,2020-09-21,,1.0
ITV,GB0033986497,2020-09-21,0.6014,0.6517999299999999,0.65839997,0.64599991,0.6101999,0.6614,0.72239991,0.7209999100000001,2020-09-21,-1.0,1.0
JPMOR.EUR.DSY.TST.,GB00BMTS0Z37,2020-09-21,3.89,4.06,4.0799976,4.22,3.85,4.0299976,4.1499976,4.34,2020-09-21,,1.0
PAYPOINT,GB00B02QND93,2020-09-21,6.399997600000001,6.3,6.26,6.1999976000000006,5.97,6.149997600000001,5.359997600000001,5.35,2020-09-21,,-1.0
PPHE HOTEL GROUP,GG00B1Z5FH87,2020-09-21,10.649998,10.0,10.0,9.7399976,9.5,9.4799976,9.8999976,10.1,2020-09-21,,-1.0
PREMIER FOODS,GB00B7N0K053,2020-09-21,0.86,0.86599991,0.85899994,0.90799988,0.9139999400000001,0.925,0.9759999100000001,0.94099991,2020-09-21,,1.0
VECTURA GROUP,GB00BKM2MW97,2020-09-21,1.1099996,1.1320000000000001,1.1020002,1.1840000000000002,1.1379995,1.1079998,1.0100002000000001,1.0340004,2020-09-21,,1.0
888 HOLDINGS,GI000A0F6407,2020-06-22,1.3520002,1.4639997,1.4659997000000002,1.5399999,1.5100002000000001,1.67,1.7259997999999999,2.0,2020-06-22,,1.0
AO WORLD,GB00BJTNFH41,2020-06-22,1.1540003,1.4340000000000002,1.5,1.4799996,1.4399996,1.4619999000000001,1.4779996,1.6479998,2020-06-22,,1.0
AVAST,GB00BDD85M81,2020-06-22,4.6679981,4.9659986,5.0699976,5.0699976,5.189997600000001,5.189997600000001,5.279997600000001,5.2849976000000005,2020-06-22,1.0,-1.0
BAKKAVOR GROUP,GB00BF8J3Z99,2020-06-22,0.735,0.8,0.75799988,0.70999985,0.7319999699999999,0.725,0.6839999400000001,0.74,2020-06-22,,-1.0
BELLEVUE HEALTHCARE,GB00BZCNLL95,2020-06-22,1.63,1.5399999,1.5699996999999999,1.625,1.5950002,1.6099995999999999,1.6949996999999999,1.6949996999999999,2020-06-22,,1.0
CALISEN,GB00BKX9C181,2020-06-22,1.9899996999999998,2.0,2.0,1.9104996,1.8605004,1.8199996999999999,1.8015002999999998,1.8404999000000002,2020-06-22,,1.0
CARNIVAL,GB0031215220,2020-06-22,9.8159986,12.595,12.75,12.465,9.703999099999999,9.1899976,9.8259986,9.7779981,2020-06-22,-1.0,1.0
CENTRICA,GB00B033F229,2020-06-22,0.35289994,0.42589997,0.42860001,0.43009995,0.38689988,0.39289994,0.40059998,0.40929993,2020-06-22,-1.0,1.0
CIVITAS SOCIAL HOUSING 1P,GB00BD8HBD32,2020-06-22,1.0719996,1.0860004,1.0880002,1.0900002,1.0740003,1.0760003,1.092,1.1140003,2020-06-22,,1.0
EASYJET,GB00B7KR2P84,2020-06-22,5.5739991,7.675998600000001,7.9219996,7.979997600000001,6.6999976000000006,6.8639991,7.1599976000000005,6.393999099999999,2020-06-22,-1.0,1.0
ELEMENTIS,GB0002418548,2020-06-22,0.62049988,0.68199997,0.68049988,0.67349991,0.63099991,0.63899994,0.6725,0.69449997,2020-06-22,,-1.0
FORTERRA,GB00BYYW3C20,2020-06-22,1.9379998,2.0500002,2.125,1.9980000999999998,2.0200005,2.0349999,1.8360004,1.7320003,2020-06-22,,-1.0
ENTAIN,IM00B5VQMV65,2020-06-22,7.89,7.5,7.359997600000001,7.6199976000000005,7.451999600000001,7.4279981,7.89,8.72,2020-06-22,1.0,-1.0
HOMESERVE,GB00BYYTFB60,2020-06-22,12.489998,12.47,12.76,12.67,12.859998000000001,13.029998,13.06,13.489998,2020-06-22,1.0,-1.0
JLEN ENVIRONMENTAL,GG00BJL5FH87,2020-06-22,1.1649999,1.1549997,1.1899996,1.1800004,1.1649999,1.1899996,1.1949997,1.2150002,2020-06-22,,1.0
JPMORGAN INDIAN IT.,GB0003450359,2020-06-22,4.8699976,5.02,5.0399975999999995,5.21,5.35,5.43,5.6999976000000006,5.6599976000000005,2020-06-22,,-1.0
KINGFISHER,GB0033195214,2020-06-22,1.7559995000000002,1.9899996999999998,2.1590004,2.0889997,2.13,2.231,2.2640000000000002,2.2779999,2020-06-22,1.0,-1.0
LIONTRUST ASSET MAN.,GB0007388407,2020-06-22,11.05,13.649998,13.85,14.5,13.85,13.75,14.25,12.75,2020-06-22,,1.0
MARSTON'S,GB00B1JQDM80,2020-06-22,0.66,0.6384999100000001,0.6564999400000001,0.62599991,0.6449998499999999,0.5759999100000001,0.54149994,0.45099991,2020-06-22,,-1.0
MCCARTHY AND STONE,GB00BYNVD082,2020-06-22,0.6499998499999999,0.7119999699999999,0.74099991,0.70499985,0.73,0.7219999699999999,0.75399994,0.725,2020-06-22,,-1.0
OXFORD BIOMEDICA,GB00BDFBVT43,2020-06-22,7.569997600000001,7.8699976000000005,8.47,8.5299976,7.39,7.18,7.76,8.6499976,2020-06-22,,1.0
SCOTTISH AMERICAN,GB0007873697,2020-06-22,4.01,4.0399975999999995,4.1999976,4.2299976,4.1099976,4.14,4.2399976,4.27,2020-06-22,,1.0
SENIOR,GB0007958233,2020-06-22,0.54599991,0.8239999400000001,0.80449997,0.7894999699999999,0.66649994,0.69999985,0.69649994,0.58049988,2020-06-22,,-1.0
STAGECOACH GROUP,GB00B6YTLS95,2020-06-22,0.81999985,0.66599991,0.6789999400000001,0.6689999400000001,0.66549988,0.62599991,0.6269999700000001,0.57399994,2020-06-22,,-1.0
888 HOLDINGS,GI000A0F6407,2020-03-23,1.2670002,0.83999985,0.7069999699999999,0.80849991,1.1840000000000002,1.1820002,1.2480001,1.3859997000000002,2020-03-23,,-1.0
BIFFA,GB00BD8DR117,2020-03-23,2.84,2.3599996,2.6199975999999996,2.675,1.9060001,1.7919999000000002,1.6579999,2.0100002,2020-03-23,,1.0
CHEMRING GROUP,GB00B45C9X44,2020-03-23,2.5799976,1.8680001,1.6719999,1.8140001000000001,2.0500002,2.0200005,1.896,1.9060001,2020-03-23,,1.0
FORTERRA,GB00BYYW3C20,2020-03-23,3.6149975999999997,1.9020005,1.8859997000000002,2.3199997,1.9440003,1.7700004999999999,1.8000002000000002,2.045,2020-03-23,,1.0
FRESNILLO,GB00B2QPKJ12,2020-03-23,7.35,5.27,5.989997600000001,5.9559986,7.5179981,7.0,6.6339991,7.595998600000001,2020-03-23,1.0,-1.0
GALLIFORD TRY,GB00BKY40Q38,2020-03-23,1.6800004000000002,1.1747999,1.2343998,1.1205997,1.2049999,1.1857996,1.3332004,1.1884003,2020-03-23,,-1.0
GAMESYS GROUP,GB00BZ14BX56,2020-03-23,7.72,5.31,5.5,6.89,7.229997600000001,6.88,8.1,8.01,2020-03-23,,1.0
HIPGNOSIS SONGS,GG00BFYT9H72,2020-03-23,1.0699997,0.93,0.8799998499999999,0.935,1.0799999,1.0399999,0.95999985,1.0,2020-03-23,,1.0
HUNTING,GB0004478896,2020-03-23,2.9479981,1.8050004000000002,1.9449996999999999,1.7279996,1.9309998,1.7799996999999999,1.9639997,1.8050004000000002,2020-03-23,,-1.0
IMPAX ENV.MKTS.,GB0031232498,2020-03-23,3.47,2.5200005,2.4799995999999997,2.7799975999999997,2.71,2.6599975999999996,2.6199975999999996,2.7399975999999997,2020-03-23,,1.0
INTERMEDIATE CAPITAL GP.,GB00BYT1DJ19,2020-03-23,18.039993,8.5699976,5.595,7.2049976000000004,9.3649976,8.72,9.5399976,9.805,2020-03-23,1.0,-1.0
KINGFISHER,GB0033195214,2020-03-23,2.0790004,1.3704996,1.2434998,1.2615003,1.6955004,1.4254999000000002,1.4040002999999999,1.3804998,2020-03-23,-1.0,1.0
NEWRIVER REIT   (REG S),GB00BD7XPJ64,2020-03-23,1.8879995,0.96799988,0.83799988,0.69499985,0.62,0.57799988,0.56399994,0.56099991,2020-03-23,,-1.0
PENNON GROUP,GB00BNNTLN49,2020-03-23,11.75,10.01,11.234998000000001,10.359998000000001,10.949998,11.229998,10.255,11.17,2020-03-23,1.0,-1.0
PETROPAVLOVSK,GB0031544546,2020-03-23,0.20049988,0.15140003,0.15520001,0.18779999,0.21649994,0.21449997,0.18819993,0.25499985,2020-03-23,,1.0
RESTAURANT GROUP,GB00B0YG1K06,2020-03-23,1.2299996,0.26579987,0.23,0.23580002,0.47,0.38639985,0.36819993,0.63299988,2020-03-23,,-1.0
SIG,GB0008025412,2020-03-23,0.83449997,0.25,0.22679993,0.22939988,0.31,0.24580002,0.19999985,0.18299988,2020-03-23,,-1.0
TULLOW OIL,GB0001500809,2020-03-23,0.36,0.091499978,0.075460015,0.09750002,0.1232,0.10670001,0.24110001,0.20289994,2020-03-23,,-1.0
XP POWER (DI),SG9999003735,2020-03-23,32.300003000000004,24.899993,21.300003,26.100005,27.800003,26.100005,26.300003,31.399993,2020-03-23,,1.0
C&C GROUP,IE00B010DT83,2019-12-23,3.9099975999999996,3.9949975999999996,4.0,4.05,4.02,4.1049976,3.9899975999999997,3.6,2019-12-23,,1.0
CARD FACTORY,GB00BLY2F708,2019-12-23,1.5600004,1.6949996999999999,1.6979999000000001,1.6260004000000001,1.4890002999999998,1.4449996999999999,0.99699997,0.9075,2019-12-23,,-1.0
EASYJET,GB00B7KR2P84,2019-12-23,13.585,15.01,14.289998,14.284998,14.215,14.3,14.385,14.739998,2019-12-23,1.0,-1.0
FRESNILLO,GB00B2QPKJ12,2019-12-23,5.3959986,5.893999099999999,5.8519996,5.8159986,6.4019996,6.439997600000001,6.1999976000000006,6.3239991,2019-12-23,-1.0,1.0
HISCOX DI,BMG4593F1389,2019-12-23,12.689998000000001,13.979998,14.0,14.189998000000001,14.239998,14.31,13.729998,13.26,2019-12-23,-1.0,1.0
LXI REIT,GB00BYQ46T41,2019-12-23,1.2480001,1.3179998,1.3079996,1.3419999999999999,1.3699999,1.396,1.3699999,1.3419999999999999,2019-12-23,,1.0
NB PRIVATE EQUITY,GG00B1ZBD492,2019-12-23,11.199998,11.05,11.5,11.6,12.0,12.149998,12.25,12.35,2019-12-23,,-1.0
RIVERSTONE ENERGY,GG00BBHXCL35,2019-12-23,4.1899976,4.1599976,4.09,4.0699976,4.1949976,4.31,4.4099976,4.27,2019-12-23,,-1.0
AIRTEL AFRICA,GB00BKDRYJ47,2019-09-23,0.67949997,0.55199997,0.5694999700000001,0.58999985,0.5,0.50799988,0.51649994,0.57499985,2019-09-23,,1.0
AMIGO HOLDINGS,GB00BFFK8T45,2019-09-23,1.646,0.7379998799999999,0.73,0.68,0.68099991,0.67799988,0.69599991,0.795,2019-09-23,,-1.0
DIRECT LINE IN.GROUP,GB00BY9D0Y18,2019-09-23,2.8769995999999995,2.9979980999999998,2.9859986,3.0089990999999996,2.9799976,3.0019995999999995,2.7639991,2.8969995999999996,2019-09-23,-1.0,1.0
FORESIGHT SOLAR FUND,JE00BD3QJR55,2019-09-23,1.2299996,1.2200002,1.2250003999999999,1.2600002000000001,1.25,1.2449999,1.2150002,1.1899996,2019-09-23,,1.0
FUNDING CIRCLE HOLDINGS,GB00BG0TPX62,2019-09-23,1.17,1.0279999,0.9829998799999999,0.9769999699999999,0.94999985,0.94999985,0.9339999400000001,1.2040004,2019-09-23,,-1.0
HIKMA PHARMACEUTICALS,GB00B0LCW083,2019-09-23,20.33,19.369996,20.039993,20.699996000000002,21.869996,22.0,20.919998,19.649993,2019-09-23,1.0,-1.0
INTU PROPERTIES,GB0006834344,2019-09-23,0.34849991,0.43,0.40509995,0.3865998900000001,0.42849991,0.44339997,0.44529984,0.49899994,2019-09-23,,-1.0
MARKS & SPENCER GROUP,GB0031274896,2019-09-23,1.8669996,2.0550004,2.019,1.9585,1.8024996999999998,1.8444996,1.7095003,1.9840001,2019-09-23,-1.0,1.0
METRO BANK HOLDINGS,GB00BMX3W479,2019-09-23,2.6859985999999996,2.9019996,2.84,2.8719995999999997,1.6599998999999999,2.0,2.0640001,1.96,2019-09-23,,-1.0
MICRO FOCUS INTL.,GB00BJ1F4N75,2019-09-23,10.814,11.732000000000001,11.789998,11.707999,11.154000000000002,11.064,11.367999,10.495999,2019-09-23,-1.0,1.0
POLYMETAL INTERNATIONAL,JE00B6T5S470,2019-09-23,11.159998,11.335,11.494998,11.529998,11.774998,11.399998,11.435,11.779998,2019-09-23,1.0,-1.0
SIRIUS REAL ESTATE LD,GG00B1W3VF54,2019-09-23,0.69999985,0.71499985,0.72,0.75199997,0.7319999699999999,0.75799988,0.73699997,0.73399994,2019-09-23,,1.0
TED BAKER,GB0001048619,2019-09-23,10.0,10.14,10.0,9.39,9.38,9.18,9.6899976,4.7039991,2019-09-23,,-1.0
WATCHES OF SWITZERLAND GROUP,GB00BJDQQ870,2019-09-23,2.9499975999999997,2.84,2.9149976,2.84,2.6999975999999997,2.8,2.7449975999999996,2.88,2019-09-23,,1.0
SCHRODERS CAPITAL GLOBAL INNOVATION TRUST,GB00BVG1CF25,2019-09-23,0.43299988,0.45249985,0.47449997,0.46699997,0.43899994,0.44899994,0.39699997,0.31999985,2019-09-23,,-1.0
4IMPRINT GROUP,GB0006640972,2019-06-24,26.600005,26.0,26.5,26.699996000000002,27.0,26.800003,26.399993,26.199996000000002,2019-06-24,,1.0
888 HOLDINGS,GI000A0F6407,2019-06-24,1.3039998,1.5399999,1.5679998,1.5749997,1.5970001999999999,1.6180001,1.599,1.6070003,2019-06-24,,-1.0
AVEVA GROUP,GB00BBG9VN75,2019-06-24,34.600005,38.619996,39.419998,38.259993,39.979996,41.199961,38.899993,40.039993,2019-06-24,1.0,-1.0
CIVITAS SOCIAL HOUSING 1P,GB00BD8HBD32,2019-06-24,0.8369999699999999,0.76799988,0.7839999400000001,0.78799988,0.83499985,0.83999985,0.875,0.8439999400000001,2019-06-24,,-1.0
EASYJET,GB00B7KR2P84,2019-06-24,9.1899976,8.8839991,8.6779981,8.8319996,9.1,9.6599976,10.175,11.074998,2019-06-24,-1.0,1.0
FUTURE,GB00BYZN9041,2019-06-24,11.5,12.479998,9.6999976,10.199998,9.3699976,10.359998000000001,9.1499976,10.42,2019-06-24,,1.0
HIKMA PHARMACEUTICALS,GB00B0LCW083,2019-06-24,17.544998,17.005005,17.404998,16.910003,17.235,17.520003,17.940003,18.020003,2019-06-24,-1.0,1.0
INDIVIOR,GB00BN4HT335,2019-06-24,0.4901999,0.4375,0.44999985,0.42,0.40509995,0.46449997,0.44899994,0.43999985,2019-06-24,,-1.0
JD SPORTS FASHION,GB00BM8Q5M07,2019-06-24,6.1879981,5.9099976000000005,5.8879981,5.8359986,5.9099976000000005,5.9839991,6.0339991,6.1879981,2019-06-24,1.0,-1.0
JUST GROUP,GB00BCRX1J15,2019-06-24,0.58049988,0.52999985,0.55,0.55899994,0.56299988,0.5625,0.56799988,0.56,2019-06-24,,-1.0
KAINOS GROUP,GB00BZ0D6727,2019-06-24,5.779997600000001,6.399997600000001,6.5799976000000004,6.76,6.52,6.399997600000001,6.34,5.96,2019-06-24,,1.0
KIER GROUP,GB0004915632,2019-06-24,2.8159986,1.0799999,1.2270002,1.1850004,1.1190004,1.0509997,0.97449997,0.8125,2019-06-24,,-1.0
MARSTON'S,GB00B1JQDM80,2019-06-24,1.0670003,1.1420002,1.146,1.1379995,1.1669999,1.1599998999999999,1.1730004,1.2309999999999999,2019-06-24,,1.0
NETWORK INTERNATIONAL HOLDINGS,GB00BH3VJ782,2019-06-24,5.55,5.989997600000001,5.939997600000001,5.859997600000001,5.75,5.899997600000001,5.739997600000001,6.109997600000001,2019-06-24,,1.0
PAYPOINT,GB00B02QND93,2019-06-24,10.68,10.699998,10.659998,10.3,10.22,9.42,9.2799976,9.02,2019-06-24,,1.0
PPHE HOTEL GROUP,GG00B1Z5FH87,2019-06-24,18.25,19.899993,19.399993,18.800003,18.5,18.699996000000002,18.5,18.5,2019-06-24,,1.0
SAGA,GB00BMX64W89,2019-06-24,0.495,0.36860001,0.33059998,0.3631999299999999,0.39659989,0.37399994,0.40079987,0.47799988,2019-06-24,,-1.0
ESKEN LIMITED 10P,GB00B03HDJ73,2019-06-24,1.0699997,1.0220003,1.0799999,1.0240000999999999,1.0539998,1.1520005,1.1499996000000001,1.1639995,2019-06-24,,-1.0
AJ BELL,GB00BFZNLB60,2019-03-18,2.75,2.9125,2.8534986,2.9929981,3.0699975999999998,3.0404980999999998,3.3,3.4799976,2019-03-18,,1.0
ASIA DRAGON TRUST,GB0002945029,2019-03-18,3.77,3.7299976,3.7299976,3.6899976,3.84,3.7299976,3.85,3.97,2019-03-18,,-1.0
ENTAIN,IM00B5VQMV65,2019-03-18,6.3,5.88,5.42,5.46,5.319997600000001,5.0749976,5.7899976,6.2139991,2019-03-18,-1.0,1.0
HALFORDS GROUP,GB00B012TP20,2019-03-18,2.4479999,2.356,2.4499997,2.4680003999999998,2.4499997,2.3380001999999998,2.3540001,2.3599996,2019-03-18,,-1.0
JUST EAT,GB00BKX5CN86,2019-03-18,7.281999600000001,7.6019996,7.3819996,7.425998600000001,7.5799976000000004,7.26,7.5579981,7.3299976000000004,2019-03-18,1.0,-1.0
KIER GROUP,GB0004915632,2019-03-18,5.02,4.3739991,4.6219996,5.0249976,3.9919995999999998,3.6459986,3.6039991,3.75,2019-03-18,,1.0
PETS AT HOME GROUP,GB00BJ62K685,2019-03-18,1.3719997000000002,1.4809999999999999,1.5299996999999999,1.6029996,1.5790004,1.5430001999999998,1.5559998,1.4269999999999998,2019-03-18,,1.0
PHOENIX GROUP HOLDINGS,GB00BGXQNP29,2019-03-18,6.649997600000001,6.939997600000001,6.8959986,7.0,6.774997600000001,6.555998600000001,6.8,7.0739991,2019-03-18,1.0,-1.0
SUPERDRY,GB00B60BD277,2019-03-18,5.135,5.145,5.154997600000001,5.5,5.3,5.345,5.479997600000001,4.42,2019-03-18,,-1.0
WOOD GROUP (JOHN),GB00B5N0P849,2019-03-18,5.2279981,5.5119996,5.7379980999999995,5.7719996,5.7139991,5.0399975999999995,5.0979981,5.1519996,2019-03-18,-1.0,1.0
AA,GB00BMSKPJ95,2018-12-24,0.95939988,0.77119996,0.75759995,0.6672000199999999,0.75,0.7145999199999999,0.7437999000000001,0.785,2018-12-24,,-1.0
ACACIA MINING,GB00B61D2N63,2018-12-24,1.8299999,1.8055001,1.9079999,1.8579998,1.8330001999999999,2.0229998,1.9799996,1.8360004,2018-12-24,,1.0
ASTON MARTIN LAGONDA GLOBAL HOLDINGS,GB00BN7CG237,2018-12-24,14.399998,11.3,11.899998,11.837999,12.235999,11.75,12.8,12.25,2018-12-24,,1.0
FUNDING CIRCLE HOLDINGS,GB00BG0TPX62,2018-12-24,3.71,3.7429981,3.2369996,2.5430002,3.4499975999999997,3.2344996,3.1824975999999996,3.4744995999999997,2018-12-24,,1.0
HISCOX DI,BMG4593F1389,2018-12-24,16.809998,15.85,15.869998,15.3,16.210005000000002,15.409998,15.529998,15.09,2018-12-24,1.0,-1.0
JUST EAT,GB00BKX5CN86,2018-12-24,5.81,5.7899976,5.8919996,5.89,5.867998099999999,5.7059986,6.3039990999999995,6.6719996,2018-12-24,-1.0,1.0
KELLER,GB0004866223,2018-12-24,6.21,5.0,4.8999976,4.72,4.935,4.8299976,5.569997600000001,5.4499976000000006,2018-12-24,,-1.0
KIER GROUP,GB0004915632,2018-12-24,7.729997600000001,4.0979981,3.85,3.9579980999999997,4.0799976,4.0159986,5.2049976000000004,5.25,2018-12-24,,-1.0
MCCARTHY AND STONE,GB00BYNVD082,2018-12-24,1.3900004000000001,1.3500004,1.38,1.4079999,1.3869999999999998,1.3299999,1.401,1.4110003,2018-12-24,,1.0
ON THE BEACH GROUP,GB00BYM1K758,2018-12-24,4.005,3.6149975999999997,3.6599975999999996,3.5299975999999997,3.3599976,3.8299976,4.13,4.3999976,2018-12-24,,-1.0
INTERNATIONAL DISTRIBUTIONS,GB00BDVZYZ77,2018-12-24,3.3289991,2.8489991,2.8,2.805,2.7209985999999997,2.8119995999999996,2.8309985999999996,3.0399976,2018-12-24,-1.0,1.0
SMITHSON INVESTMENT,GB00BGJWTR88,2018-12-24,10.279998,10.22,10.109998000000001,10.3,10.002,10.199998,10.189998000000001,10.342,2018-12-24,,1.0
SPIRAX-SARCO ENGR.,GB00BWFGQN14,2018-12-24,62.0,59.35,60.05,59.0,62.399961000000005,59.5,65.1,63.35,2018-12-24,1.0,-1.0
SPIRE HEALTHCARE GP.,GB00BNLPYF73,2018-12-24,1.2449999,0.99449997,1.0550004,1.0240000999999999,1.0889997,1.1309995000000002,1.1850004,1.1809998,2018-12-24,,-1.0
THOMAS COOK GROUP,GB00B1VYCH82,2018-12-24,0.48539994,0.27239991,0.28739991,0.28279999,0.30759995,0.35579987,0.35959992,0.3614,2018-12-24,,-1.0
SCHRODERS CAPITAL GLOBAL INNOVATION TRUST,GB00BVG1CF25,2018-12-24,0.86199997,0.85,0.8189999400000001,0.8,0.82099991,0.82499985,0.87599991,0.88199997,2018-12-24,,1.0
RESTAURANT GROUP,GB00B0YG1K06,2018-12-19,2.3079996,1.3549996,1.42,1.4849995999999999,1.4320002,1.3879995,1.5190000000000001,1.5480004,2018-12-19,,1.0
ALFA FINANCIAL SOFTWARE HOLDINGS(WI),GB00BDHXPG30,2018-09-24,1.6420002,1.63,1.5519999999999998,1.4879999000000002,1.4499997,1.4359997999999998,1.3280001,1.3000002000000002,2018-09-24,,-1.0
AMIGO HOLDINGS,GB00BFFK8T45,2018-09-24,2.89,2.2799997,2.3999995999999997,2.4250002,2.4399995999999997,2.5,2.2019997,2.3999995999999997,2018-09-24,,1.0
AVAST,GB00BDD85M81,2018-09-24,2.7729980999999997,2.7769996,2.8149976,2.8149976,2.8964990999999998,2.8964990999999998,2.8204981,2.9619996,2018-09-24,,1.0
MCCARTHY AND STONE,GB00BYNVD082,2018-09-24,1.1099996,1.2700005,1.2880000999999999,1.2379999,1.375,1.3450002,1.3170003,1.3000002000000002,2018-09-24,,-1.0
PLUS500,IL0011284465,2018-09-24,14.979998,15.1,15.289998,14.85,13.84,13.5,12.51,12.479998,2018-09-24,,1.0
RDI REIT,IM00BH3JLY32,2018-09-24,0.3424998500000001,0.32499985,0.32299988,0.32049988,0.33099991,0.32599991,0.31699997,0.33449997,2018-09-24,,-1.0
RENEWI,GB00BNR4T868,2018-09-24,0.66099991,0.62099991,0.63599991,0.6119999700000001,0.595,0.56399994,0.58999985,0.58399994,2018-09-24,,-1.0
VIVO ENERGY,GB00BDGT2M75,2018-09-24,1.4456997,1.2899999,1.3000002000000002,1.3098002,1.2852001000000002,1.3500004,1.2455997,1.1498002999999999,2018-09-24,,1.0
ENERGEAN,GB00BG12Y042,2018-06-18,5.1999976000000006,5.649997600000001,5.489997600000001,5.279997600000001,4.935,5.0,5.359997600000001,5.26,2018-06-18,,1.0
G4S,GB00B01FLG62,2018-06-18,2.675,2.7799975999999997,2.8149976,2.7579981,2.6649976,2.6599975999999996,2.6199975999999996,2.72,2018-06-18,-1.0,1.0
ENTAIN,IM00B5VQMV65,2018-06-18,9.72,10.52,10.31,10.05,10.239998,10.26,10.359998000000001,10.939998000000001,2018-06-18,1.0,-1.0
INTEGRAFIN HOLDINGS,GB00BD45SH49,2018-06-18,3.6,3.75,3.8299976,3.75,3.5,3.46,3.64,3.9799976,2018-06-18,,1.0
MARSTON'S,GB00B1JQDM80,2018-06-18,1.005,0.9814999400000001,0.97899994,1.0089998,0.97899994,1.0,0.995,0.9964999400000001,2018-06-18,,-1.0
OCADO GROUP,GB00B3MBS747,2018-06-18,8.0,11.109998000000001,10.755,10.399998,10.399998,10.35,10.42,10.545,2018-06-18,1.0,-1.0
PETS AT HOME GROUP,GB00BJ62K685,2018-06-18,1.5500002000000002,1.3000002000000002,1.2609997,1.2250003999999999,1.2539997,1.2919999000000002,1.295,1.2329998,2018-06-18,,-1.0
HARBOUR ENERGY,GB00B43G0577,2018-06-18,1.1230001,1.1350002000000001,1.1660004000000002,1.1129999,1.0839997,1.1260004000000001,1.146,1.1879998,2018-06-18,,1.0
PURECIRCLE (DI),BMG7300G1096,2018-06-18,3.42,3.8249975999999997,3.9099975999999996,4.0299976,3.9499975999999997,4.01,3.8999976,3.8999976,2018-06-18,,-1.0
SCHRODERS CAPITAL GLOBAL INNOVATION TRUST,GB00BVG1CF25,2018-06-18,0.74299988,0.7699998499999999,0.77699997,0.74699997,0.75099991,0.795,0.82499985,0.81299988,2018-06-18,,-1.0
ACACIA MINING,GB00B61D2N63,2018-03-19,1.5500002000000002,1.4475002000000001,1.5019999000000002,1.4884997000000002,1.3784999999999998,1.4259997000000002,1.3459997000000001,1.5519999999999998,2018-03-19,,-1.0
BAILLIE GIFF.JAPAN,GB0000485838,2018-03-19,8.5349976,8.3,8.3,8.46,8.22,8.06,8.0299976,8.1,2018-03-19,,1.0
BAKKAVOR GROUP,GB00BF8J3Z99,2018-03-19,1.96,1.88,1.8599995999999999,1.7899999,1.8199996999999999,1.8000002000000002,1.7399996999999998,1.8400002,2018-03-19,,1.0
BROWN GROUP,GB00B1P6ZR11,2018-03-19,1.9899996999999998,1.9399996,1.9029999000000002,1.8240002999999998,1.6800004000000002,1.7110004,1.7299996,2.0019999,2018-03-19,,-1.0
CHARTER COURT FINL.SVS.,GB00BD822578,2018-03-19,3.0649976,3.25,3.2749976,3.14,3.02,2.9849976,2.9499975999999997,3.0864990999999997,2018-03-19,,1.0
CONTOURGLOBAL,GB00BF448H58,2018-03-19,2.64,2.76,2.6599975999999996,2.5799976,2.4399995999999997,2.2799997,2.3199997,2.5399998999999998,2018-03-19,,1.0
DIGNITY,GB00BRB37M78,2018-03-19,7.8299976000000004,8.8199976,9.8199976,10.01,8.875,8.835,8.6499976,10.369998,2018-03-19,,-1.0
GAMES WORKSHOP,GB0003718474,2018-03-19,22.199996000000002,22.600005,21.5,22.550003,21.899993,21.699996000000002,23.600005,25.149993,2018-03-19,,1.0
MITIE GROUP,GB0004657408,2018-03-19,1.5399999,1.6260004000000001,1.63,1.5629998,1.4860001,1.5240001,1.5590000000000002,1.6969996,2018-03-19,,-1.0
ON THE BEACH GROUP,GB00BYM1K758,2018-03-19,5.55,5.8,5.8,5.72,5.55,5.21,5.4499976000000006,5.899997600000001,2018-03-19,,1.0
PANTHEON INTERNATIONAL,GB00BP37WF17,2018-03-19,18.850005,18.899993,18.699996000000002,18.899993,18.5,18.5,18.899993,18.899993,2018-03-19,,1.0
INTERNATIONAL DISTRIBUTIONS,GB00BDVZYZ77,2018-03-19,5.46,5.675998600000001,5.4819996,5.1599976000000005,5.2539991,5.2719996,5.42,5.595998600000001,2018-03-19,1.0,-1.0
VECTURA GROUP,GB00BKM2MW97,2018-03-19,0.79649994,0.795,0.785,0.81199997,0.74199997,0.76099991,0.77699997,1.005,2018-03-19,,-1.0
BABCOCK INTERNATIONAL,GB0009697037,2017-12-18,7.545,6.752497600000001,6.8474976000000005,6.8399976,7.042497600000001,7.069997600000001,7.1139991,7.38,2017-12-18,-1.0,1.0
BCA MARKETPLACE,GB00BP0S1D85,2017-12-18,1.9849995999999999,2.1974993,2.2212495999999997,2.0749997,2.0754995,2.0644999,2.045,1.9919996,2017-12-18,,1.0
CONVATEC GROUP,GB00BD3VFW73,2017-12-18,2.0100002,2.1294994,2.0924997,2.0584993,2.0504999,2.0649995999999997,2.0240001000000003,1.9049996999999999,2017-12-18,-1.0,1.0
UNBOUND GROUP,GB0003085445,2017-12-18,9.42,9.3549976,9.395,9.125,9.1999976,9.3699976,9.1999976,9.3,2017-12-18,,-1.0
THE GLOBAL SMCOS.,GB00BKLXD974,2017-12-18,13.46,13.779998,13.609998000000001,13.89,13.71,13.85,13.949998,13.899998,2017-12-18,,1.0
HALMA,GB0004052071,2017-12-18,12.85,12.649998,12.679998000000001,12.519998000000001,12.609998000000001,12.699998,12.659998,13.149998,2017-12-18,1.0,-1.0
JUST EAT,GB00BKX5CN86,2017-12-18,8.06,7.8349976,7.7999976,7.7199976,7.649997600000001,7.649997600000001,8.0239991,7.9499976000000006,2017-12-18,1.0,-1.0
MERLIN ENTERTAINMENTS,GB00BDZT6P94,2017-12-18,3.7239991,3.6484986,3.6664991,3.6084986,3.6069970999999996,3.6114990999999996,3.505,3.47,2017-12-18,-1.0,1.0
NOSTRUM OIL & GAS,GB00BQVVS097,2017-12-18,3.4709985999999997,3.2734986,3.1544971,2.9844996,3.1762476,3.3012476,3.255,3.385,2017-12-18,,-1.0
ALTERNATIVE CREDIT INVS.,GB00BLP57Y95,2017-12-18,7.864997600000001,8.175,8.1,7.97,8.1499976,8.17,8.21,8.2299976,2017-12-18,,-1.0
PAYPOINT,GB00B02QND93,2017-12-18,9.14,9.0,9.3049976,9.0099976,9.1199976,9.1799976,9.22,9.02,2017-12-18,,-1.0
PURECIRCLE (DI),BMG7300G1096,2017-12-18,4.8999976,4.879997599999999,4.8499976,4.5999976,4.6279981,4.6689991,4.68,4.4149975999999995,2017-12-18,,1.0
RESTAURANT GROUP,GB00B0YG1K06,2017-12-18,2.9009986,2.8204981,2.8729980999999998,2.7979980999999996,2.9562475999999998,2.9512476,3.0079981,2.6759986,2017-12-18,,-1.0
RHI MAGNESITA,NL0012650360,2017-12-18,34.410003,42.734961000000006,42.054961000000006,41.529961,39.799988,39.034988,39.449996,43.199961,2017-12-18,,1.0
SMITH (DS),GB0008220112,2017-12-18,5.345,5.2024976,5.1924976,5.0224975999999995,5.1824976000000005,5.1524976,5.1479981,5.1459986,2017-12-18,1.0,-1.0
TI FLUID SYSTEMS,GB00BYQB9V88,2017-12-18,2.4750004000000003,2.5799976,2.5649976,2.4299993,2.4889994,2.4199991,2.5439997,2.5500002,2017-12-18,,1.0
888 HOLDINGS,GI000A0F6407,2017-09-18,2.5,2.5500002,2.5500002,2.4750004000000003,2.5489998,2.5579996,2.5659986,2.474,2017-09-18,,1.0
ALFA FINANCIAL SOFTWARE HOLDINGS(WI),GB00BDHXPG30,2017-09-18,4.2799976,4.9399976,4.935,4.925,4.8129981,4.85,5.154997600000001,4.8999976,2017-09-18,,1.0
BERKELEY GROUP HDG.,GB00BLJNXL82,2017-09-18,36.850005,35.919998,35.490005000000004,34.960005,35.22,35.649993,37.619996,38.880005000000004,2017-09-18,1.0,-1.0
CARILLION,GB0007365546,2017-09-18,0.50599991,0.43159989,0.44949997,0.43979996,0.4375,0.46499985,0.5,0.44499985,2017-09-18,,-1.0
NMC HEALTH,GB00B7FC0762,2017-09-18,23.300003,28.289993,28.369996,27.850005,26.529998,26.449996000000002,27.520003000000003,28.960005000000002,2017-09-18,1.0,-1.0
REDDE NORTHGATE,GB00B41H7391,2017-09-18,4.1329981,4.1159986,4.1069996,4.1479981,4.2449976,4.27,4.3374976,4.4975,2017-09-18,,-1.0
PETRA DIAMONDS,BMG702782084,2017-09-18,0.91299988,0.84849991,0.82549988,0.83999985,0.6675,0.6,0.8475,0.7799998499999999,2017-09-18,,-1.0
VANQUIS BANKING GROUP,GB00B1Z4ST84,2017-09-18,18.520003,8.25,8.46,7.939997600000001,7.645,7.59,8.3999976,9.25,2017-09-18,-1.0,1.0
INTERNATIONAL DISTRIBUTIONS,GB00BDVZYZ77,2017-09-18,3.9219996,3.8009986,3.7439991,3.7679981,3.875,3.8769995999999995,3.8309985999999996,3.8699975999999996,2017-09-18,-1.0,
SEQUOIA ECON.INFR.INFD.,GG00BV54HY67,2017-09-18,1.13,1.1324997,1.13,1.1350002000000001,1.125,1.1289997,1.125,1.1269999,2017-09-18,,1.0
ALLIED MINDS,GB00BLRLH124,2017-06-19,1.4079999,1.3629999000000002,1.4399996,1.401,1.4799996,1.4799996,1.67,1.6274996,2017-06-19,,-1.0
AO WORLD,GB00BJTNFH41,2017-06-19,1.4969997000000002,1.2360001,1.2899999,1.2279996,1.2475004,1.2574997,1.1499996000000001,1.2150002,2017-06-19,,-1.0
BH MACRO,GG00BQBFY362,2017-06-19,20.36,20.389998000000002,20.369996,19.600005,19.139998000000002,18.979996,19.039993,18.800003,2017-06-19,,-1.0
COATS GROUP,GB00B4YZN328,2017-06-19,0.69999985,0.7275,0.7325,0.76749985,0.77599991,0.7599998499999999,0.77249985,0.7549998499999999,2017-06-19,,1.0
DEBENHAMS,GB00B126KH97,2017-06-19,0.50249985,0.46799988,0.47149994,0.45699997,0.44249985,0.44499985,0.4275,0.43,2017-06-19,,-1.0
FDM GROUP,GB00BLWDVP51,2017-06-19,7.85,7.585,7.524997600000001,7.56,7.67,7.845,7.6649976,7.6,2017-06-19,,1.0
G4S,GB00B01FLG62,2017-06-19,3.2259985999999996,3.3079981,3.2689991,3.2119996,3.3259985999999997,3.2959986,3.2669995999999997,3.2979980999999996,2017-06-19,1.0,-1.0
HIKMA PHARMACEUTICALS,GB00B0LCW083,2017-06-19,17.36,16.410003,16.729996,16.429993,15.96,15.92,14.289998,13.979998,2017-06-19,-1.0,1.0
INTU PROPERTIES,GB0006834344,2017-06-19,2.6549975999999997,2.6619995999999997,2.7139990999999997,2.68,2.6689990999999997,2.7109986,2.6679980999999997,2.7409985999999997,2017-06-19,-1.0,1.0
KELLER,GB0004866223,2017-06-19,8.6,8.765,9.1,8.67,8.8999976,9.1049976,8.7349976,8.7899976,2017-06-19,,-1.0
MELROSE INDUSTRIES,GB00BNGDN821,2017-06-19,2.2875004000000003,2.4125004000000003,2.4624995999999997,2.4925004,2.6119996,2.5249995999999997,2.4049997,2.4049997,2017-06-19,,1.0
SEGRO,GB00B5ZN1N88,2017-06-19,4.893999099999999,4.9869996,5.0299976,5.0349976,4.9479980999999995,4.9729981,4.8649976,4.945998599999999,2017-06-19,1.0,-1.0
SIRIUS MINERALS,GB00B0DG3H29,2017-06-19,0.27999985,0.33249985,0.33499985,0.32499985,0.32749985,0.32399994,0.28429993,0.30089997,2017-06-19,,1.0
TBC BANK GROUP,GB00BYT18307,2017-06-19,16.029998,18.11,17.429993,17.309998,16.690003,16.399993,16.649993,16.289993,2017-06-19,,1.0
BROWN GROUP,GB00B1P6ZR11,2017-03-20,2.2220002,2.099,2.026,2.1479998,2.1225004000000003,2.1575002,2.1049995999999997,2.25,2017-03-20,,-1.0
CAPITA,GB00B23K0M20,2017-03-20,5.14,5.68,5.765,5.7049976000000004,5.59,5.6999976000000006,5.585,5.6649976,2017-03-20,-1.0,1.0
CMC MARKETS,GB00B14SKR37,2017-03-20,1.1680002,1.3579998,1.3190003,1.3695002,1.2725,1.2224998999999999,1.1999997,1.1850004,2017-03-20,,-1.0
CURRYS,GB00B4Y7R145,2017-03-20,2.9939991,3.05,3.0379981,3.0169995999999997,3.1479980999999997,3.1409985999999996,3.0819995999999996,3.3299976,2017-03-20,-1.0,1.0
INTERNATIONAL PSNL.FIN.,GB00B1YKG049,2017-03-20,1.8299999,1.7069997000000001,1.7049999,1.7539997,1.63,1.6400004000000001,1.67,1.6024999,2017-03-20,,-1.0
REDDE NORTHGATE,GB00B41H7391,2017-03-20,5.5,5.35,5.604997600000001,5.5799976000000004,5.5349976000000005,5.51,5.4499976000000006,5.255,2017-03-20,,1.0
RENTOKIL INITIAL,GB00B082RF11,2017-03-20,2.3839998,2.4320002,2.4589997,2.4759998,2.441,2.4510003,2.4630001999999998,2.4399995999999997,2017-03-20,1.0,-1.0
SANNE GROUP,JE00BVRZ8S85,2017-03-20,6.774997600000001,6.609997600000001,6.59,6.6,6.465,6.4149976,6.925,7.05,2017-03-20,,1.0
SCOTTISH MORTGAGE,GB00BLDYK618,2017-03-20,3.5279980999999996,3.5749975999999997,3.5429980999999997,3.6199975999999996,3.5779981,3.5609985999999996,3.68,3.645,2017-03-20,1.0,-1.0
SYNCONA,GG00B8P59C08,2017-03-20,1.4300004000000002,1.4575004999999999,1.4224995999999999,1.4700002,1.4460001,1.4540004,1.4619999000000001,1.4650002,2017-03-20,,1.0
CONVATEC GROUP,GB00BD3VFW73,2016-12-19,2.3500004000000003,2.4499997,2.4399995999999997,2.3400002,2.3129998,2.3690004,2.4309998,2.4180002,2016-12-19,1.0,
COUNTRYWIDE,GB00BK5V9445,2016-12-19,1.9759997999999999,1.7559995000000002,1.7899999,1.7419996,1.7650004000000001,1.7325,1.8900004000000001,1.7075004999999999,2016-12-19,,-1.0
DFS FURNITURE,GB00BTC0LB89,2016-12-19,2.2030000999999997,2.1829996,2.1899995999999997,2.1599999,2.2250004000000003,2.2025004,2.25,2.2775002,2016-12-19,,-1.0
FERREXPO,GB00B1XH2C03,2016-12-19,1.1599998999999999,1.4825,1.46,1.3874997,1.3839998,1.335,1.3159999999999998,1.3409997000000002,2016-12-19,,1.0
LAIRD,GB00B1VNST91,2016-12-19,1.4209995,1.5389994999999999,1.545,1.5469999,1.5249996,1.5574999,1.6549996999999999,1.4624996,2016-12-19,,-1.0
NCC GROUP,GB00B01QGK86,2016-12-19,1.9680004,2.0469999000000003,1.8450002,1.7250004,1.7674999,1.8225002000000001,1.9825,1.96,2016-12-19,,-1.0
NEWRIVER REIT   (REG S),GB00BD7XPJ64,2016-12-19,3.21,3.3424975999999997,3.3575,3.3125,3.3999976,3.4339991,3.4179980999999997,3.3189990999999996,2016-12-19,,1.0
NOSTRUM OIL & GAS,GB00BQVVS097,2016-12-19,4.1999976,4.47,4.6324976,4.2124976,3.9899975999999997,3.9479981,4.4569996,4.795,2016-12-19,,1.0
POLYMETAL INTERNATIONAL,JE00B6T5S470,2016-12-19,7.819997600000001,7.465,8.055,7.7449976000000005,8.0649976,8.3,9.085,9.255,2016-12-19,-1.0,1.0
TRAVIS PERKINS,GB00BK9RKT01,2016-12-19,14.159998,14.069998,14.22,14.479998,14.64,14.64,14.989998,14.659998,2016-12-19,-1.0,1.0
BERKELEY GROUP HDG.,GB00BLJNXL82,2016-09-19,24.869996,26.279998,25.759992999999998,25.529998,25.990005,25.460005000000002,25.699996000000002,24.059998,2016-09-19,-1.0,1.0
NIOX GROUP,GB00BJVD3B28,2016-09-19,0.93799988,0.95299988,0.8999998499999999,0.94999985,0.9424998499999999,0.9725,0.9524998499999999,0.9225,2016-09-19,,-1.0
ENTAIN,IM00B5VQMV65,2016-09-19,7.024997600000001,7.109997600000001,7.255,7.189997600000001,7.545,7.375,7.479997600000001,7.345,2016-09-19,,1.0
HUNTING,GB0004478896,2016-09-19,4.6475,4.3725,4.175,4.2025,4.4609986,4.31,4.7899975999999995,5.555,2016-09-19,,1.0
PENDRAGON,GB00B1JQBT10,2016-09-19,0.32669983,0.33039994,0.30569993,0.31799988,0.3075,0.3075,0.2925,0.27749985,2016-09-19,,-1.0
POLYMETAL INTERNATIONAL,JE00B6T5S470,2016-09-19,11.829998,10.13,10.029998,10.119998,10.59,9.68,9.715,8.5,2016-09-19,1.0,-1.0
ASCENTIAL,GB00BYM8GJ06,2016-06-20,2.2899998999999998,2.5,2.505,2.68,2.59,2.3179998,2.4379998,2.4580002,2016-06-20,,1.0
CMC MARKETS,GB00B14SKR37,2016-06-20,2.7075,2.75,2.7674976,2.8,2.75,2.4399995999999997,2.715,2.8699975999999996,2016-06-20,,1.0
COUNTRYSIDE PARTNERSHIPS,GB00BYPHNG03,2016-06-20,2.5799976,2.6324975999999998,2.5299997,2.5924975999999997,2.71,1.7320003,2.1619997,2.335,2016-06-20,,1.0
VIRGIN MONEY UK,GB00BD6GN030,2016-06-20,2.3500004000000003,2.7399975999999997,2.715,2.7075,2.8779980999999997,2.1190004,2.2329998,2.4130000999999996,2016-06-20,,1.0
HIGHBRIDGE TAC.CR.FD.,GG00BNW1QK33,2016-06-20,1.8009997000000002,1.7799996999999999,1.7650004000000001,1.7749996,1.8249997,1.8374996,1.8299999,1.8400002,2016-06-20,,-1.0
HIKMA PHARMACEUTICALS,GB00B0LCW083,2016-06-20,22.960005000000002,22.350005,21.660003000000003,21.460005000000002,22.399993,22.429993,24.889998000000002,25.61,2016-06-20,1.0,-1.0
HILL AND SMITH,GB0004270301,2016-06-20,9.89,8.8249976,8.6899976,8.72,9.31,7.859997600000001,8.77,9.8,2016-06-20,,1.0
INMARSAT,GB00B09LSH68,2016-06-20,7.55,7.104997600000001,6.895,7.09,7.555,7.029997600000001,8.1199976,7.965,2016-06-20,-1.0,1.0
JIMMY CHOO,GB00BQPW6Y82,2016-06-20,1.1450005,1.0080004,1.092,1.0900002,1.0699997,1.0500002000000002,1.085,1.0600004,2016-06-20,,-1.0
LOOKERS,GB00B17MMZ46,2016-06-20,1.4300004000000002,1.2969999,1.25,1.3000002000000002,1.46,0.925,1.0749997,1.0950002,2016-06-20,,-1.0
MELROSE INDUSTRIES,GB00BNGDN821,2016-06-20,3.9029980999999996,3.9549976,3.9209986,4.143999099999999,4.1975,4.015,4.1824976,6.395,2016-06-20,,-1.0
METRO BANK HOLDINGS,GB00BMX3W479,2016-06-20,22.0,22.11,21.72,20.600005,21.0,16.339996,17.399993,18.97,2016-06-20,,1.0
REDDE NORTHGATE,GB00B41H7391,2016-06-20,3.9169995999999996,3.75,3.7139990999999997,3.8679981,4.0275,3.0649976,3.2974976,3.5825,2016-06-20,,-1.0
OPHIR ENERGY,GB00B24CT194,2016-06-20,0.69599991,0.71299988,0.69849991,0.70299988,0.735,0.665,0.76249985,0.69999985,2016-06-20,,-1.0
888 HOLDINGS,GI000A0F6407,2016-03-21,1.776,1.7259997999999999,1.7489994999999998,1.7749996,1.9849995999999999,2.1549997,2.2674999,2.1824999,2016-03-21,,-1.0
ABERDEEN ASSET MAN.,GB0000031285,2016-03-21,2.4759998,2.8919995999999997,2.7669995999999997,2.9229980999999996,2.5439997,2.7919995999999996,2.6179981,3.1,2016-03-21,-1.0,1.0
EI GROUP,GB00B1L8B624,2016-03-21,0.8359999100000001,0.80849991,0.78299988,0.81799988,0.9175,0.95999985,0.985,0.935,2016-03-21,,-1.0
HIKMA PHARMACEUTICALS,GB00B0LCW083,2016-03-21,18.850005,17.36,18.149993,18.279998,18.940003,19.669998,20.919998,23.0,2016-03-21,-1.0,1.0
INFORMA,GB00BMJ6DW54,2016-03-21,6.725,6.904997600000001,6.9499976000000006,6.85,6.88,6.965,7.095,6.845,2016-03-21,1.0,-1.0
KAZ MINERALS,GB00B0HZPV38,2016-03-21,1.5275002,1.7475004,1.7325,1.8000002000000002,1.6549996999999999,1.651,1.599,1.8999996,2016-03-21,,1.0
MCCARTHY AND STONE,GB00BYNVD082,2016-03-21,2.6975,2.4499997,2.4700002,2.3699999,2.4289998,2.5430002,2.7039991,2.5719996,2016-03-21,,1.0
MEDICLINIC INTERNATIONAL,GB00B8HX8Z88,2016-03-21,8.515,9.095,8.51,8.6,8.545,9.0299976,9.21,9.2049976,2016-03-21,1.0,-1.0
MORRISON(WM)SPMKTS.,GB0006043169,2016-03-21,1.849,1.9949999,2.0010004,2.012,2.0,2.021,2.0310001,1.9189996999999999,2016-03-21,1.0,-1.0
NOSTRUM OIL & GAS,GB00BQVVS097,2016-03-21,2.6209985999999996,2.68,2.5799976,2.64,2.6199975999999996,2.5,2.0625,2.7075,2016-03-21,,-1.0
FLUTTER ENTERTAINMENT,IE00BWT6H894,2016-03-21,103.19997,91.55,91.0,88.649961,93.0,95.699961,97.25,89.25,2016-03-21,1.0,-1.0
PAYSAFE GROUP,GB0034264548,2016-03-21,4.0249976,3.8474975999999996,4.1475,4.2174976,4.1759986,4.1609986,4.183999099999999,3.8779980999999997,2016-03-21,,1.0
POUNDLAND GROUP,GB00BJ34VB96,2016-03-21,1.7270002,1.6090001,1.67,1.7320003,1.6599998999999999,1.545,1.5325002,1.7775002,2016-03-21,,-1.0
SMITHS GROUP,GB00B1WY2338,2016-03-21,9.85,10.789998,10.5,11.06,10.659998,10.869998,10.6,11.079998,2016-03-21,-1.0,1.0
SOFTCAT,GB00BYZDVK82,2016-03-21,3.1899976,3.1499976,3.0,3.015,3.1,3.1199975999999996,3.3689991,3.185,2016-03-21,,1.0
FRASERS GROUP,GB00B1QH8P22,2016-03-21,3.9939991,3.8939991,3.9509985999999997,4.2509986,3.4799976,3.7799975999999997,3.7489991,4.011999599999999,2016-03-21,-1.0,1.0
ASSURA,GB00BVGBWW93,2015-12-21,0.5625,0.5475,0.56499985,0.56499985,0.54599991,0.54599991,0.555,0.55299988,2015-12-21,,1.0
DCC,IE0002424939,2015-12-21,58.949961,56.649961000000005,56.149961000000005,55.0,56.199961,56.899961000000005,54.1,49.589961,2015-12-21,1.0,-1.0
FOXTONS GROUP,GB00BCKFY513,2015-12-21,1.7729998,1.8649996999999998,1.8129998,1.7819996,1.8900004000000001,1.875,1.8975,1.5649996,2015-12-21,,-1.0
G4S,GB00B01FLG62,2015-12-21,2.1730004,2.1140003,2.1870003,2.1750002,2.2930002,2.2770005,2.1899995999999997,2.1260004,2015-12-21,-1.0,1.0
HASTINGS GROUP HDG.,GB00BYRJH519,2015-12-21,1.6800004000000002,1.67,1.6625004,1.6575002,1.6739998,1.7089997,1.63,1.6149996999999998,2015-12-21,,1.0
HUNTING,GB0004478896,2015-12-21,3.4099975999999996,2.8489991,2.8829981,2.755,3.1925,2.9724975999999996,2.645,2.5299997,2015-12-21,,-1.0
IBSTOCK,GB00BYXJC278,2015-12-21,1.8999996,2.1199999,2.13,2.1499995999999997,2.21,2.2200002,2.2469997,2.0559998,2015-12-21,,1.0
KAZ MINERALS,GB00B0HZPV38,2015-12-21,0.89099991,0.90299988,0.89099991,0.8899998499999999,1.0200005,0.985,0.935,0.9975,2015-12-21,,-1.0
PETRA DIAMONDS,BMG702782084,2015-12-21,0.5525,0.65249985,0.68999985,0.7139999400000001,0.87749985,0.8725,0.79,0.69499985,2015-12-21,,-1.0
HARBOUR ENERGY,GB00B43G0577,2015-12-21,0.57749985,0.4912999,0.43,0.42,0.45999985,0.4875,0.47,0.32749985,2015-12-21,,-1.0
VANQUIS BANKING GROUP,GB00B1Z4ST84,2015-12-21,36.339996,32.740005000000004,33.449996,32.399993,32.990005000000004,33.600005,31.839996,28.509992999999998,2015-12-21,1.0,-1.0
THE RENEWABLES INFRASTRUCTURE GROUP,GG00BBHX2H91,2015-12-21,0.9975,0.96499985,0.9674998499999999,0.9875,1.012,1.0299997,1.0249996000000001,0.98549988,2015-12-21,,1.0
WORLDPAY GROUP,GB00BYYK2V80,2015-12-21,2.975,2.92,2.9449975999999998,2.9799976,3.0069996,3.0239990999999997,3.0769995999999997,3.0699975999999998,2015-12-21,1.0,
BERKELEY GROUP HDG.,GB00BLJNXL82,2015-09-21,33.160003,34.949996,34.619996,33.949996,34.229996,34.600005,33.740005000000004,32.199996,2015-09-21,1.0,-1.0
NIOX GROUP,GB00BJVD3B28,2015-09-21,3.1649976,3.305,3.1599975999999996,3.2025,2.97,3.0,2.8999976,2.7329980999999997,2015-09-21,,1.0
FISHER(JAMES)& SONS,GB0003395000,2015-09-21,10.75,10.97,10.0,9.645,9.55,9.5349976,9.6549976,9.475,2015-09-21,,-1.0
LONMIN,GB0031192486,2015-09-21,0.38489991,0.20999985,0.22799988,0.21119996,0.185,0.15499998,0.2325,0.2875,2015-09-21,,-1.0
ALTERNATIVE CREDIT INVS.,GB00BLP57Y95,2015-09-21,10.46,10.479998,10.689998000000001,10.899998,10.789998,10.699998,10.489998,10.149998,2015-09-21,,1.0
PREMIER FARNELL,GB0003318416,2015-09-21,1.2749996000000001,1.3699999,1.3330001999999999,1.0579996,1.0225,1.0225,1.0874996000000001,1.0675,2015-09-21,,-1.0
SOPHOS GROUP,GB00BYZFZ918,2015-09-21,2.6999975999999997,2.6525,2.5500002,2.6274976,2.4219999000000003,2.3999995999999997,2.434,2.3109998,2015-09-21,,1.0
WEIR GROUP,GB0009465807,2015-09-21,13.239998,12.38,13.18,12.449998,11.399998,11.14,13.01,11.42,2015-09-21,-1.0,1.0
AGGREKO,GB00BK1PTB77,2015-06-22,15.949998,14.71,14.67,14.659998,14.68,14.439998000000001,14.3,14.75,2015-06-22,-1.0,1.0
ALDERMORE GROUP,GB00BQQMCJ47,2015-06-22,2.585,2.875,2.7624975999999997,2.8299976,3.01,3.0679980999999996,3.1599975999999996,2.6,2015-06-22,,1.0
AUTO TRADER GROUP,GB00BVYVFW23,2015-06-22,2.88,3.0349975999999996,3.01,3.055,3.1479980999999997,3.055,3.1519996,3.1969996,2015-06-22,,1.0
B&M EUROPEAN VAL.RET.,LU1072616219,2015-06-22,3.3199975999999998,3.4399976,3.4324975999999996,3.5024976,3.4569995999999996,3.4439990999999996,3.5039990999999997,3.47,2015-06-22,,1.0
BLACKROCK WORLD MNG.,GB0005774855,2015-06-22,3.14,2.9519995999999997,2.9329981,2.9499975999999997,3.01,2.895,2.7799975999999997,2.6075,2015-06-22,,-1.0
DE LA RUE ORD,GB00B3DGH821,2015-06-22,5.63,5.21,5.4549976000000004,5.404997600000001,5.4499976000000006,5.2849976000000005,5.0799976,5.045,2015-06-22,,-1.0
IMAGINATION TECHNOLOGIES,GB0009303123,2015-06-22,2.1099996,2.1999997,2.2919999,2.2430000999999997,2.2075005,2.1549997,2.2399997,2.4499997,2015-06-22,,-1.0
INFINIS ENERGY,GB00BFG1QM56,2015-06-22,1.8149996,1.9300004000000002,1.9180001999999998,1.9790001000000002,1.9825,1.9475002000000001,1.9525004000000001,1.5600004,2015-06-22,,-1.0
INMARSAT,GB00B09LSH68,2015-06-22,9.715,9.6199976,9.4899976,9.435,9.38,9.1099976,9.1049976,9.3299976,2015-06-22,1.0,-1.0
JOHN LAING GROUP,GB00BVC3CB83,2015-06-22,2.295,2.2224999,2.2200002,2.1750002,2.144,2.106,2.1639995,2.2840004,2015-06-22,,1.0
LAW DEBENTURE,GB0031429219,2015-06-22,5.265,5.0,5.0349976,4.895,5.1149976,5.1,5.149997600000001,5.2899976,2015-06-22,,-1.0
OSB GROUP,GB00BM7S7K96,2015-06-22,3.0799976,2.9899975999999997,3.0,2.9949975999999996,3.0749975999999997,3.1499976,3.1219995999999997,2.9169995999999996,2015-06-22,,1.0
PERSONAL ASSETS,GB0006827546,2015-06-22,355.60008,347.60008,346.5,343.10008,344.5,343.0,342.72508,344.5,2015-06-22,,-1.0
RPS GROUP,GB0007594764,2015-06-22,2.3039998,2.2650004,2.2659998,2.3000002,2.2725,2.2200002,2.1674995999999997,2.3400002,2015-06-22,,-1.0
SHAWBROOK GROUP,GB00BWDPMF43,2015-06-22,3.6599975999999996,3.7349976,3.6999975999999997,3.7825,3.75,3.71,3.6999975999999997,3.335,2015-06-22,,1.0
PHAROS ENERGY,GB00B572ZV91,2015-06-22,1.901,1.8809995000000002,1.9160004000000002,1.8210001,1.9049996999999999,1.7749996,1.7274999,1.5725002000000001,2015-06-22,,-1.0
WIZZ AIR HOLDINGS,JE00BN574F90,2015-06-22,14.55,16.399993,16.279998,16.300003,15.819998,15.38,15.88,16.380005,2015-06-22,,1.0
SCHRODERS CAPITAL GLOBAL INNOVATION TRUST,GB00BVG1CF25,2015-06-22,1.0524997,1.1199999,1.1175004,1.1549997,1.1379995,1.1260004000000001,1.1260004000000001,1.1619997,2015-06-22,,1.0
AA,GB00BMSKPJ95,2015-03-23,3.77,3.9975,4.0649976,4.1925,4.3179981,4.13,3.9359985999999996,4.05,2015-03-23,,1.0
GAME DIGITAL,GB00BMP36W19,2015-03-23,2.6149975999999997,2.6499976,2.6169995999999998,2.552,2.3149995999999997,2.46,2.3149995999999997,2.5500002,2015-03-23,,-1.0
HIKMA PHARMACEUTICALS,GB00B0LCW083,2015-03-23,23.309998,22.5,22.619996,21.850005,21.800003,21.839996,21.710005000000002,21.940003,2015-03-23,,-1.0
IMAGINATION TECHNOLOGIES,GB0009303123,2015-03-23,2.6049976,2.5749975999999997,2.3024997,2.2250004000000003,2.1490001000000003,2.1269999,2.0369997,2.092,2015-03-23,,1.0
OXFORD INSTRUMENTS,GB0006650450,2015-03-23,7.6599976000000005,8.31,8.26,8.5,8.22,8.3299976,8.3599976,9.015,2015-03-23,,-1.0
TULLOW OIL,GB0001500809,2015-03-23,3.4609986,3.0279980999999996,3.0959985999999997,3.2029981,3.1369995999999998,3.1579981,2.9329981,3.1359985999999997,2015-03-23,,1.0
VIRGIN MONEY HOLDINGS,GB00BQ8P0644,2015-03-23,3.1999975999999997,3.7924976,3.6625,3.8299976,4.0399975999999995,3.875,4.1639991,3.8249975999999997,2015-03-23,,1.0
HIKMA PHARMACEUTICALS,GB00B0LCW083,2015-03-20,23.960005000000002,22.259992999999998,22.5,22.619996,21.850005,21.800003,21.479996,22.199996000000002,2015-03-20,1.0,
TULLOW OIL,GB0001500809,2015-03-20,3.5319996,2.9839990999999997,3.0279980999999996,3.0959985999999997,3.2299976,3.1369995999999998,2.9639990999999997,3.0029980999999997,2015-03-20,-1.0,
ALLIED MINDS,GB00BLRLH124,2014-12-22,2.9499975999999997,2.965,3.13,3.4324975999999996,3.4659986,3.67,3.6869995999999996,4.3,2014-12-22,,1.0
BARRATT DEVELOPMENTS,GB0000811801,2014-12-22,4.511999599999999,4.3469996,4.3789991,4.5909986,4.6719995999999995,4.71,4.5469995999999995,4.4629981,2014-12-22,1.0,-1.0
CLS HOLDINGS,GB00BF044593,2014-12-22,13.75,14.729998,14.399998,14.699998,15.52,15.289998,14.829998,15.399998,2014-12-22,,1.0
ENQUEST,GB00B635TG28,2014-12-22,0.69549988,0.34399994,0.3562999,0.40599991,0.38999985,0.355,0.32499985,0.3,2014-12-22,,-1.0
FENNER,GB0003345054,2014-12-22,2.6,1.9669999999999999,2.0080004,2.0030002,2.1175004,2.1625004000000003,1.9549999,2.0550004,2014-12-22,,-1.0
FERREXPO,GB00B1XH2C03,2014-12-22,0.71149994,0.49619996,0.49119996,0.50499985,0.52999985,0.52999985,0.56999985,0.6225,2014-12-22,,-1.0
FOXTONS GROUP,GB00BCKFY513,2014-12-22,1.5100002000000001,1.6000004,1.6359997000000002,1.5710001,1.6350002000000001,1.6024999,1.6400004000000001,1.6000004,2014-12-22,,-1.0
GAME DIGITAL,GB00BMP36W19,2014-12-22,3.42,3.3999976,3.4674975999999997,3.3999976,3.5979981,3.6,3.4789991,2.5200005,2014-12-22,,1.0
GREGGS,GB00B63QSB39,2014-12-22,6.3299976000000004,6.925,6.939997600000001,7.055,7.27,7.319997600000001,7.2899976,8.4099976,2014-12-22,,1.0
HOCHSCHILD MINING,GB00B1FW5029,2014-12-22,1.0059995000000002,0.82999985,0.81599991,0.80849991,0.8324998499999999,0.8799998499999999,0.9325,1.1175004,2014-12-22,,-1.0
IMI,GB00BGLP8L22,2014-12-22,12.079998,11.649998,11.739998,12.47,12.67,12.63,12.25,13.039998,2014-12-22,-1.0,1.0
JIMMY CHOO,GB00BQPW6Y82,2014-12-22,1.7250004,1.7200002,1.71,1.75,1.75,1.75,1.7069997000000001,1.6800004000000002,2014-12-22,,1.0
PETROFAC,GB00B0H2K534,2014-12-22,8.7749976,6.6999976000000006,7.0,7.225,7.09,7.029997600000001,6.46,6.814997600000001,2014-12-22,-1.0,1.0
SPIRENT COMMUNICATIONS,GB0004726096,2014-12-22,0.69149994,0.70999985,0.71949997,0.7189999400000001,0.7549998499999999,0.75749985,0.87749985,0.8799998499999999,2014-12-22,,-1.0
SPIRIT PUB COMPANY,GB00B5NFV695,2014-12-22,1.0275002,0.98,1.0,1.0299997,1.0419999,1.0430002,1.0559998,1.1129999,2014-12-22,,1.0
TAYLOR WIMPEY,GB0008782301,2014-12-22,1.3009997000000002,1.2749996000000001,1.2939996999999999,1.3500004,1.3640002999999998,1.3780001999999998,1.3280001,1.3280001,2014-12-22,1.0,-1.0
BARRATT DEVELOPMENTS,GB0000811801,2014-09-22,3.6939990999999996,3.8499976,3.9199976,3.9869996,3.9449975999999998,3.9839990999999997,3.9829980999999997,4.0499976,2014-09-22,-1.0,1.0
BH GLOBAL GBP,GG00B2QQPT96,2014-09-22,11.849998000000001,12.099998000000001,12.199998,12.149998,12.199998,12.289998,12.25,12.049998,2014-09-22,,-1.0
CARD FACTORY,GB00BLY2F708,2014-09-22,2.1199999,2.1799993,2.1049995999999997,2.1574993,2.2599993,2.2649994,2.3969994,2.1959992,2014-09-22,,1.0
NIOX GROUP,GB00BJVD3B28,2014-09-22,3.1299976,2.9779980999999998,2.9829980999999997,3.0,3.0399976,3.0199976,3.0249976,2.8499976,2014-09-22,,-1.0
DAIRY CREST GROUP,GB0002502812,2014-09-22,4.2109986,4.0499976,4.0829981,4.0949976,3.8899975999999996,3.9424976,3.75,4.0374976,2014-09-22,,-1.0
DIRECT LINE IN.GROUP,GB00BY9D0Y18,2014-09-22,2.8729980999999998,2.9349976,2.8919970999999998,3.0,2.9849976,2.9909985999999997,2.875,2.6839991,2014-09-22,1.0,-1.0
CURRYS,GB00B4Y7R145,2014-09-22,3.4149976,3.7989990999999996,3.6899976,3.7199975999999997,3.6319996,3.6599975999999996,3.7229981,3.5309985999999998,2014-09-22,1.0,-1.0
EXOVA GROUP,GB00BKY7HG11,2014-09-22,2.1799993,1.8299999,1.8099994000000001,1.8339997,1.7399996999999998,1.6999997,1.8499994000000002,1.6999997,2014-09-22,,-1.0
IMAGINATION TECHNOLOGIES,GB0009303123,2014-09-22,2.0309992,1.9669990999999998,1.9949999,2.0059995,1.8974991,1.8999996,1.8224993,1.9774999,2014-09-22,,-1.0
HYVE GROUP,GB0002520509,2014-09-22,2.0059995,2.0009995000000003,2.0059995,1.9499997,1.8574991,1.8299999,1.6824999,1.7399996999999998,2014-09-22,,-1.0
NOSTRUM OIL & GAS,GB00BQVVS097,2014-09-22,8.0999976,7.6599976000000005,7.444997600000001,7.3399976,7.6649976,7.5999976,7.649997600000001,6.729997600000001,2014-09-22,,1.0
REXAM,GB00BMHTPY25,2014-09-22,4.8909986,4.9889991,4.9869996,5.0549976,4.952998099999999,4.9649976,4.8239991,4.577998099999999,2014-09-22,-1.0,1.0
SAGA,GB00BMX64W89,2014-09-22,1.8399991,1.7424993,1.6999997,1.7749996,1.7169990999999998,1.7219991,1.6139994,1.5229998,2014-09-22,,1.0
SPIRE HEALTHCARE GP.,GB00BNLPYF73,2014-09-22,2.2699994,2.75,2.7699976,2.8399976,2.8299976,2.8449975999999997,2.8439990999999996,2.75,2014-09-22,,1.0
SSP GROUP,GB00BNGWY422,2014-09-22,2.4624995999999997,2.5799976,2.5099993,2.6299976,2.6459986,2.6639991,2.5199994,2.2999993,2014-09-22,,1.0
TSB BANKING GROUP,GB00BMQX2Q65,2014-09-22,2.8724976,2.8574976,2.8424975999999997,2.9174976,2.7999975999999998,2.7999975999999998,2.7319970999999996,2.5499993,2014-09-22,,1.0
XAAR,GB0001570810,2014-09-22,5.654997600000001,4.077998099999999,3.8999976,3.8269995999999997,3.7799975999999997,3.7399975999999997,2.3249997,2.4399995999999997,2014-09-22,,-1.0
ZPG,GB00BMHTHT14,2014-09-22,2.5474996,2.5,2.4174995999999997,2.4599991,2.2859993,2.3199997,2.1669999,2.0219994,2014-09-22,,1.0
3I GROUP,GB00B1YW4409,2014-06-23,4.2079981,4.1869971,3.9419971,4.0389991,3.9989991,4.018999099999999,4.0289991,3.8619996,2014-06-23,1.0,-1.0
888 HOLDINGS,GI000A0F6407,2014-06-23,1.2699994,1.1299991,1.1499996000000001,1.1499996000000001,1.1875,1.1949997,1.2199993,1.1024999,2014-06-23,,-1.0
AO WORLD,GB00BJTNFH41,2014-06-23,2.4399995999999997,2.6699976,2.6024976,2.6474976,2.6899976,2.5749975999999997,2.4599991,2.1799993,2014-06-23,,1.0
BRIT,GB00BKRV3L73,2014-06-23,2.3499994,2.4549999,2.4599991,2.3699999,2.4099999,2.4499997,2.4709997,2.4469996,2014-06-23,,1.0
HERALD INVESTMENT,GB0004228648,2014-06-23,6.6399976,6.5949976,6.5999976,6.609997600000001,6.4499976000000006,6.5399976,6.8099976,6.479997600000001,2014-06-23,,-1.0
INTU PROPERTIES,GB0006834344,2014-06-23,3.1179981,3.1149975999999997,3.0759985999999997,3.0459986,3.0869996,3.1159985999999997,3.0979981,3.1489990999999997,2014-06-23,1.0,-1.0
JUST EAT,GB00BKX5CN86,2014-06-23,2.2299995999999997,2.3574991,2.4024991,2.5574999,2.4699993,2.5499993,2.5779981,2.1769990999999997,2014-06-23,,1.0
KCOM GROUP,GB0007448250,2014-06-23,0.88049988,0.93599991,0.94349991,0.9189999400000001,0.8949998499999999,0.9274998499999999,0.93499985,0.9674998499999999,2014-06-23,,-1.0
KENNEDY WILSON EU.RLST.,JE00BJT32513,2014-06-23,10.099998000000001,10.709998,10.899998,10.869998,10.949998,11.0,10.989998,10.699998,2014-06-23,,1.0
MELROSE INDUSTRIES,GB00BNGDN821,2014-06-23,2.7609985999999997,2.7389990999999996,2.6929980999999996,2.6199975999999996,2.5699975999999998,2.6019970999999997,2.7299976,2.5829980999999997,2014-06-23,-1.0,1.0
MERCHANTS TRUST,GB0005800072,2014-06-23,5.0599976,5.0299976,5.0499976,5.0499976,4.9599975999999995,5.0499976,5.1149976,4.9724976,2014-06-23,,-1.0
MURRAY INCOME TRUST,GB0006111123,2014-06-23,7.9099976000000005,7.7199976,7.7599976,7.734997600000001,7.739997600000001,7.7899976,7.9699976,7.819997600000001,2014-06-23,,-1.0
PARTNERSHIP ASSURANCE GP.,GB00B9QN7S21,2014-06-23,1.2559995000000002,1.2819996,1.242999,1.2399997,1.2999993,1.2899999,1.3299999,1.2774991,2014-06-23,,-1.0
PETS AT HOME GROUP,GB00BJ62K685,2014-06-23,2.0449991,2.0299997,2.0399998999999998,2.0724993,2.0399998999999998,2.0499993,1.8399991,1.8399991,2014-06-23,,1.0
POUNDLAND GROUP,GB00BJ34VB96,2014-06-23,3.3449975999999997,3.1649976,3.1199975999999996,3.0449976,3.0799976,3.1699976,3.4299975999999996,3.3009986,2014-06-23,,1.0
WILLIAM HILL,GB0031698896,2014-06-23,3.3549976,3.4069996,3.3609986,3.4079981,3.25,3.2799975999999997,3.4109985999999997,3.5119971,2014-06-23,-1.0,1.0
AMEC FOSTER WHEELER,GB0000282623,2014-03-24,11.189998000000001,10.729998,10.809998,11.039998,11.0,11.219998,12.139998,12.089998000000001,2014-03-24,-1.0,1.0
BARRATT DEVELOPMENTS,GB0000811801,2014-03-24,4.3399976,4.2479981,4.2479981,4.0339991,4.0359986,4.125,3.8939991,3.7119996,2014-03-24,1.0,-1.0
DEVRO,GB0002670437,2014-03-24,3.0899976,2.5449991,2.4979991999999998,2.349,2.2399997,2.3599996,2.2549991,2.3574991,2014-03-24,,-1.0
ASIA DRAGON TRUST,GB0002945029,2014-03-24,2.375,2.3419991,2.3259992,2.3299999,2.3924999,2.4399995999999997,2.4924993,2.5199994,2014-03-24,,-1.0
HERITAGE OIL,JE00B2Q4TN56,2014-03-24,2.0874995999999997,2.3499994,2.3899994,2.3999995999999997,2.3789997,2.375,2.5179996,2.5729981,2014-03-24,,1.0
INFINIS ENERGY,GB00BFG1QM56,2014-03-24,2.5499993,2.5049991,2.4524994,2.3199997,2.3729991999999998,2.3799991,2.2999993,2.2479991999999998,2014-03-24,,1.0
JUST GROUP,GB00BCRX1J15,2014-03-24,2.4099999,2.6799975999999996,1.5399999,1.3999996,1.3459997000000001,1.3879995,1.4899996999999998,1.5439996999999999,2014-03-24,,1.0
ST.JAMES'S PLACE ORD,GB0007669376,2014-03-24,7.944997600000001,8.2849976,8.6549976,8.5799976,8.4549976,8.25,8.1549976,7.7949976,2014-03-24,1.0,-1.0
TATE & LYLE,GB00BP92CJ43,2014-03-24,6.484997600000001,6.3699976000000005,6.359997600000001,6.4949976000000005,6.654997600000001,6.6749976,6.5549976,6.569997600000001,2014-03-24,-1.0,1.0
ASHTEAD GROUP,GB0000536739,2013-12-23,6.6299976,7.5449976,7.5,7.734997600000001,7.6199976000000005,7.8349976,7.904997600000001,7.989997600000001,2013-12-23,1.0,-1.0
CARPETRIGHT,GB0001772945,2013-12-23,5.875,5.444997600000001,5.399997600000001,5.274997600000001,5.1849976,4.9474976,5.0249976,5.5,2013-12-23,,-1.0
CURRYS,GB00B4Y7R145,2013-12-23,2.7824975999999997,2.7849975999999996,2.7849975999999996,2.7799975999999997,2.6969996,2.6999975999999997,2.6809985999999997,2.7889991,2013-12-23,,1.0
CHEMRING GROUP,GB00B45C9X44,2013-12-23,2.1299991,2.1549997,2.1499995999999997,2.0499993,2.2399997,2.2999993,2.2949991,2.4099999,2013-12-23,,-1.0
CRODA INTERNATIONAL,GB00BJFFLV09,2013-12-23,23.599991,23.119996,23.399993,24.0,24.5,24.409988,23.209991,24.399993,2013-12-23,-1.0,1.0
DIALIGHT,GB0033057794,2013-12-23,9.4099976,8.5899976,8.4199976,8.129997600000001,8.5399976,8.5299976,7.0499976,7.274997600000001,2013-12-23,,-1.0
FOXTONS GROUP,GB00BCKFY513,2013-12-23,2.9375,2.9799976,2.9699975999999997,3.0799976,3.2849975999999996,3.2169971,3.2969996,3.2969996,2013-12-23,,1.0
GRAFTON GROUP,IE00B00MZ448,2013-12-23,6.1999976000000006,6.529997600000001,6.4699976,6.3699976000000005,6.5,6.5099976,6.3699976000000005,6.229997600000001,2013-12-23,,1.0
GREGGS,GB00B63QSB39,2013-12-23,4.379997599999999,4.3329981,4.3379981,4.1499976,4.3624976,4.3449976,4.9299976,5.0699976,2013-12-23,,-1.0
HOCHSCHILD MINING,GB00B1FW5029,2013-12-23,1.2649994,1.2699994,1.2649994,1.2319994,1.4149999,1.4274996999999998,1.3099994000000001,1.5524996999999998,2013-12-23,,-1.0
JD SPORTS FASHION,GB00BM8Q5M07,2013-12-23,12.424998,14.209998,14.909998,14.939998000000001,14.509998000000001,14.649998,15.939998000000001,16.489991,2013-12-23,,1.0
MENZIES (JOHN),GB0005790059,2013-12-23,7.5949976,7.8049976,7.7149976,7.149997600000001,7.1799976,7.1449976,7.0849976,7.149997600000001,2013-12-23,,-1.0
MERLIN ENTERTAINMENTS,GB00BDZT6P94,2013-12-23,3.5324975999999997,3.5599976,3.5799976,3.6599975999999996,3.5619970999999997,3.5409986,3.7749976,3.6899976,2013-12-23,,1.0
RIVERSTONE ENERGY,GG00BBHXCL35,2013-12-23,9.5399976,9.6499976,9.5899976,9.4499976,9.3999976,9.4749976,9.1999976,9.1199976,2013-12-23,,1.0
INTERNATIONAL DISTRIBUTIONS,GB00BDVZYZ77,2013-12-23,5.3349976,5.9299976,5.75,5.9099976000000005,5.7549976,5.7899976,5.609997600000001,5.8799976,2013-12-23,1.0,
SCHRODER ASIA PAC.FD.,GB0007918872,2013-12-23,2.4699993,2.3299999,2.3149995999999997,2.3199997,2.375,2.3399991,2.3249997,2.2899998999999998,2013-12-23,,-1.0
MEDICLINIC INTERNATIONAL,GB00B8HX8Z88,2013-09-23,7.8249976000000006,8.6899976,8.625,8.8499976,8.3199976,8.1699976,8.25,8.6599976,2013-09-23,,1.0
ANITE,GB00B3KHXB36,2013-09-23,1.1189995000000001,1.2219991000000001,1.2159997,1.125,1.0974998999999999,1.125,1.1124993,0.8649998499999999,2013-09-23,,-1.0
ASIA RESOURCE MINERALS,GB00B5BLXT62,2013-09-23,2.1119996,2.1519994,2.1449994,2.1259995000000003,2.1799993,2.1299991,2.1899995999999997,2.1499995999999997,2013-09-23,,-1.0
COCA-COLA HBC,CH0198251305,2013-09-23,18.089996,19.579985999999998,19.699996000000002,18.699996000000002,18.439985999999998,18.5,17.469986,17.639998000000002,2013-09-23,1.0,
ENTERTAINMENT ONE (DI),CA29382B1022,2013-09-23,2.1574993,2.2299995999999997,2.1999997,2.25,2.2299995999999997,2.1949997,2.2079991999999997,2.4309998,2013-09-23,,1.0
GREENCORE GROUP,IE0003864109,2013-09-23,1.5324993,1.4699993,1.4549999,1.3974991,1.474,1.4749994000000002,1.5449991,1.6899996,2013-09-23,,1.0
JPMORGAN INDIAN IT.,GB0003450359,2013-09-23,3.0719996,3.2099976,3.1699976,3.1379981,3.1949975999999998,3.0799976,3.2349976,3.3899975999999996,2013-09-23,,-1.0
MONDI,GB00B1CRLC47,2013-09-23,10.579998,11.0,10.899998,10.549998,10.659998,10.429998000000001,10.649998,11.099998000000001,2013-09-23,1.0,-1.0
PARTNERSHIP ASSURANCE GP.,GB00B9QN7S21,2013-09-23,4.7174976,4.2649976,4.3974975999999995,4.0399975999999995,4.1989991,4.1199976,3.9899975999999997,4.1099976,2013-09-23,,1.0
SALAMANDER ENERGY,GB00B1GC5238,2013-09-23,1.2409992,1.2479992,1.2269993,1.242999,1.3199996999999999,1.1749993,1.0299997,1.0524997,2013-09-23,,-1.0
SERCO GROUP,GB0007973794,2013-09-23,6.2149976,5.7449976000000005,5.6449976,5.6299976,5.5099976,5.4649976,5.319997600000001,5.4599976,2013-09-23,-1.0,1.0
FRASERS GROUP,GB00B1QH8P22,2013-09-23,6.6449976,7.2099976,7.064997600000001,7.0149976,7.0049976,7.0749976000000006,6.7449976000000005,7.1999976000000006,2013-09-23,1.0,-1.0
UTILICO EMERGING,GB00BD45S967,2013-09-23,1.7049999,1.771,1.7399996999999998,1.75,1.7574996999999999,1.7299996,1.7874994000000002,1.8924999,2013-09-23,,-1.0
WOOD GROUP (JOHN),GB00B5N0P849,2013-09-23,8.2249976,8.1499976,8.1649976,8.2699976,8.1199976,8.0199976,7.8249976000000006,8.1149976,2013-09-23,-1.0,1.0
COUNTRYWIDE,GB00BK5V9445,2013-06-24,4.8999976,4.9799976,5.0999976,5.0999976,5.004997599999999,5.359997600000001,5.439997600000001,6.0799976000000004,2013-06-24,,1.0
CREST NICHOLSON HOLDINGS,GB00B8VZXT93,2013-06-24,3.3699975999999996,3.3799976,3.3899975999999996,3.2599975999999997,3.2189990999999996,3.25,3.5399976,3.4499975999999997,2013-06-24,,1.0
ABRDN,GB00BF8Q6K64,2013-06-24,3.7309986,3.6939990999999996,3.5609985999999996,3.5259986,3.4739991,3.5419995999999996,3.5809985999999996,3.7349976,2013-06-24,,1.0
ABRDN,GB00BF8Q6K64,2013-06-24,3.7309986,3.6939990999999996,3.5609985999999996,3.5259986,3.4739991,3.5419995999999996,3.5809985999999996,3.7349976,2013-06-24,,1.0
DEXION ABSOLUTE,GB0032287020,2013-06-24,1.4859989999999998,1.4899996999999998,1.4879999000000002,1.4649991,1.4699993,1.4724998999999999,1.4974994000000001,1.4899996999999998,2013-06-24,,-1.0
ABRDN,GB00BF8Q6K64,2013-06-24,3.7309986,3.6939990999999996,3.5609985999999996,3.5259986,3.4739991,3.5419995999999996,3.5809985999999996,3.7349976,2013-06-24,,1.0
ABRDN,GB00BF8Q6K64,2013-06-24,3.7309986,3.6939990999999996,3.5609985999999996,3.5259986,3.4739991,3.5419995999999996,3.5809985999999996,3.7349976,2013-06-24,,1.0
EVRAZ,GB00B71N6K86,2013-06-24,1.4629993,1.1919994,1.1529999,1.0929995,0.97049988,1.0199994,0.99099991,1.0309992,2013-06-24,-1.0,1.0
HERITAGE OIL,JE00B2Q4TN56,2013-06-24,1.5199994000000001,1.4429998,1.4249993,1.3339997,1.3599995999999999,1.3574991,1.3724994000000001,1.6374997,2013-06-24,,-1.0
NEW WORLD RESOURCES,GB00B42CTW68,2013-06-24,1.0579996,0.92499985,0.79999985,0.66999985,0.5499998500000001,0.6599998499999999,0.66999985,0.63999985,2013-06-24,,-1.0
PERSIMMON,GB0006825383,2013-06-24,12.199998,12.179998000000001,12.239998,11.069998,11.579998,12.399998,12.669998,12.579998,2013-06-24,1.0,-1.0
POLYMETAL INTERNATIONAL,JE00B6T5S470,2013-06-24,6.484997600000001,6.5049976,6.1449976,5.2549976,4.5579981,4.8519971,4.7439991,6.2449976000000005,2013-06-24,-1.0,1.0
TRAVIS PERKINS,GB00BK9RKT01,2013-06-24,15.659998,15.169998,15.339998000000001,14.629998,14.649998,15.309998,15.919998,16.879988,2013-06-24,1.0,-1.0
XAAR,GB0001570810,2013-06-24,6.3449976,8.1349976,8.049997600000001,8.0,7.989997600000001,7.859997600000001,8.4649976,8.4949976,2013-06-24,,1.0
888 HOLDINGS,GI000A0F6407,2013-03-18,1.4049996999999999,1.6674996,1.4899996999999998,1.6699991,1.6259995,1.6599998999999999,1.7119999000000001,1.6749993,2013-03-18,,1.0
ABRDN DIVERSIFIED INCOME AND GROWTH,GB0001297562,2013-03-18,1.3159999999999998,1.3549996,1.3329992,1.2999993,1.2899999,1.3024996999999998,1.3299999,1.2899999,2013-03-18,,-1.0
EASYJET,GB00B7KR2P84,2013-03-18,9.9049976,10.639998,10.709998,10.719998,10.279998,10.389998,11.269998000000001,11.399998,2013-03-18,1.0,-1.0
INTU PROPERTIES,GB0006834344,2013-03-18,3.6029980999999998,3.2769971,3.3179980999999996,3.3199975999999998,3.2709986,3.2769971,3.2789990999999996,3.3989990999999997,2013-03-18,-1.0,1.0
ABRDN,GB00BF8Q6K64,2013-03-18,3.3689991,3.7829981,3.8299976,3.7879981,3.6539990999999996,3.6669995999999996,3.4639990999999997,3.3499976,2013-03-18,,-1.0
KAZ MINERALS,GB00B0HZPV38,2013-03-18,7.2599976,5.2049976000000004,5.3349976,5.3849976,4.8039990999999995,4.4359986,3.5069996,3.2009985999999997,2013-03-18,-1.0,1.0
KELLER,GB0004866223,2013-03-18,7.5999976,8.1449976,7.875,8.1899976,8.0,7.9949976000000005,8.1349976,8.1799976,2013-03-18,,1.0
LONDON STOCK EX.GROUP,GB00B0SWJX34,2013-03-18,13.0,13.919998,14.0,13.849998000000001,13.339998000000001,12.919998,13.029998,12.819998,2013-03-18,1.0,-1.0
NMC HEALTH,GB00B7FC0762,2013-03-18,2.5462494,3.0999976,3.1924976,3.4899975999999997,3.3789990999999997,3.3999976,3.125,3.2599975999999997,2013-03-18,,1.0
RAVEN PROPERTY GROUP LIMITED,GB00B0D5V538,2013-03-18,0.65699982,0.74949997,0.71999985,0.71999985,0.71999985,0.7124998499999999,0.7174998499999999,0.7449998499999999,2013-03-18,,-1.0
ESKEN LIMITED 10P,GB00B03HDJ73,2013-03-18,0.93799988,0.8469998200000001,0.83499985,0.8569999699999999,0.8024998499999999,0.78999985,0.8274998499999999,0.75,2013-03-18,,-1.0
THOMAS COOK GROUP,GB00B1VYCH82,2013-03-18,0.9274998499999999,0.82999985,1.0074997,1.1549997,1.1189995000000001,1.1269999,1.1449994,1.1759997,2013-03-18,,1.0
